category,channel,country,currency,customer_email,customer_id,fx_reference_date,order_id,order_ts,product_name,qty,sku,status,unit_price,copy_number
Fashion,web,BG,EUR,customer1854@example.com,1854,2026-08-28, ORD10210,13/06/2026 09:32,Women's Wool Coat,1,SKU-FA-002,completed,149.03,1
Fashion,web,RO,EUR,customer1225@example.com,1225,2026-08-23, ORD10277,28/03/2026 03:54,Women's Wool Coat,1,SKU-FA-002,completed,137.7,1
Beauty,web,RO,EUR,customer184@example.com,184,2026-08-26, ORD10338,1777564733,Vitamin C Serum 30ml,1,SKU-BE-001,completed,23.11,1
Home & Kitchen,mobile_app,BG,EUR,customer1785@example.com,1785,2026-08-23, ORD10876,09/06/2026 14:55,Air Fryer 5L,1,SKU-HK-003,completed,122.58,1
Fashion,mobile_app,HU,EUR,customer477@example.com,477,2026-08-31, ORD11494,2026-04-08T21:46:40,Men's Slim Fit Jeans,1,SKU-FA-001,completed,53.82,1
Beauty,marketplace,RO,EUR,customer1434@example.com,1434,2026-08-30, ORD11500,1767729132,Hair Dryer Ionic 2200W,1,SKU-BE-002,completed,71.13,1
Fashion,web,RO,EUR,customer71@example.com,71,2026-08-26, ORD11974,2026-01-08T09:39:39,Women's Wool Coat,1,SKU-FA-002,completed,132.8,1
Electronics,web,RO,EUR,customer940@example.com,940,2026-08-30, ORD11982,16/01/2026 01:50,4K Action Camera,1,SKU-EL-004,completed,172.27,1
Fashion,marketplace,RO,EUR,customer1726@example.com,1726,2026-08-30, ORD12154,1781874040,Men's Slim Fit Jeans,2,SKU-FA-001,completed,57.11,1
Electronics,marketplace,RO,EUR,customer764@example.com,764,2026-08-28, ORD13214,06/04/2026 13:51,Wireless Earbuds X2,1,SKU-EL-001,completed,84,1
Home & Kitchen,web,RO,RON,customer86@example.com,86,2026-08-31, ORD13326,2026-03-08T07:38:25,Non-stick Frying Pan 28cm,2,SKU-HK-002,completed,30.6,1
Electronics,mobile_app,BG,RON,customer510@example.com,510,2026-08-31, ORD13654,2026-01-24T17:19:06,Bluetooth Speaker Mini,1,SKU-EL-003,completed,48.82,1
Electronics,mobile_app,HU,EUR,customer650@example.com,650,2026-08-26, ORD13977,2026-06-06T15:49:39,4K Action Camera,1,SKU-EL-004,completed,192.9,1
Home & Kitchen,mobile_app,RO,EUR,customer475@example.com,475,2026-09-01, ORD14243,2026-06-02T13:11:15,Non-stick Frying Pan 28cm,1,SKU-HK-002,completed,27.94,1
Books,marketplace,RO,EUR,customer1754@example.com,1754,2026-09-03, ORD14353,2026-03-08T19:05:31,Atomic Habits (RO ed.),1,SKU-BK-001,completed,19.56,1
Sports,web,HU,EUR,customer421@example.com,421,2026-08-23, ORD14918,2026-01-18T19:04:46,Yoga Mat Premium,1,SKU-SP-001,completed,30.5,1
Beauty,web,RO,EUR,customer1265@example.com,1265,2026-08-28, ORD15081,2026-02-17T16:46:43,Vitamin C Serum 30ml,1,SKU-BE-001,completed,27.06,1
Electronics,web,RO,EUR,customer788@example.com,788,2026-08-23, ORD15091,19/05/2026 04:25,Wireless Earbuds X2,3,SKUEL001,completed,79.15,1
Electronics,web,DE,EUR,customer1497@example.com,1497,2026-08-23, ORD15261,25/01/2026 16:57,USB-C Fast Charger 65W,2,SKU-EL-002,completed,33.06,1
Home & Kitchen,web,DE,RON,customer1793@example.com,1793,2026-08-23, ORD15313,1771837885,Non-stick Frying Pan 28cm,1,SKU-HK-002,completed,26.62,1
Beauty,web,DE,EUR,customer1338@example.com,1338,2026-08-29, ORD15739,27/05/2026 19:11,Hair Dryer Ionic 2200W,2,SKU-BE-002,completed,66.55,1
Books,mobile_app,RO,EUR,customer766@example.com,766,2026-08-25, ORD15845,18/02/2026 02:07,Atomic Habits (RO ed.),3,SKU-BK-001,refunded,19.86,1
Beauty,web,RO,EUR,customer294@example.com,294,2026-08-25,ORD10001,2026-04-12T05:12:21,Vitamin C Serum 30ml,1,SKU-BE-001,completed,26.26,1
Books,web,RO,EUR,customer294@example.com,294,2026-08-25,ORD10001,2026-04-12T05:12:21,Atomic Habits (RO ed.),3,SKU-BK-001,completed,20.22,1
Home & Kitchen,web,RO,EUR,customer294@example.com,294,2026-08-25,ORD10001,2026-04-12T05:12:21,Non-stick Frying Pan 28cm,1,SKU-HK-002,completed,28.48,1
Fashion,marketplace,HU,RON,customer1484@example.com,1484,2026-09-03,ORD10002,2026-01-11T00:10:41,Men's Slim Fit Jeans,3,SKU-FA-001,refunded,57.15,1
Home & Kitchen,marketplace,HU,RON,customer1484@example.com,1484,2026-09-03,ORD10002,2026-01-11T00:10:41,Air Fryer 5L,1,SKU-HK-003,refunded,128.69,1
Books,mobile_app,RO,EUR,customer1329@example.com,1329,2026-08-26,ORD10003,2026-02-20T18:57:55,The Pragmatic Programmer,2,SKU-BK-002,completed,42.42,1
Books,mobile_app,RO,EUR,customer1329@example.com,1329,2026-08-26,ORD10003,2026-02-20T18:57:55,The Pragmatic Programmer,2,SKU-BK-002,completed,42.42,2
Fashion,web,RO,EUR,customer1197@example.com,1197,2026-08-31,ORD10004,2026-03-23T02:03:17,Men's Slim Fit Jeans,1,SKU-FA-001,completed,56.7,1
Electronics,mobile_app,RO,EUR,customer1629@example.com,,2026-08-27,ORD10005,28/01/2026 04:15,USB-C Fast Charger 65W,1,SKU-EL-002,completed,36.84,1
Books,web,HU,EUR,customer310@example.com,310,2026-08-25,ORD10006,2026-04-09T04:53:10,The Pragmatic Programmer,1,SKU-BK-002,completed,39.74,1
Electronics,web,RO,EUR,customer1430@example.com,1430,2026-08-25,ORD10007,1780750849,4K Action Camera,1,SKU-EL-004,completed,201.4,1
Fashion,web,RO,EUR,customer1430@example.com,1430,2026-08-25,ORD10007,1780750849,Men's Slim Fit Jeans,1,SKU-FA-001,completed,52.28,1
Electronics,mobile_app,BG,EUR,customer1305@example.com,1305,2026-08-29,ORD10008,2026-02-03T06:42:19,4K Action Camera,2,SKU-EL-004,completed,204.84,1
Home & Kitchen,web,DE,EUR,customer575@example.com,575,2026-08-31,ORD10009,20/04/2026 10:08,Stainless Steel Kettle,2,SKU-HK-001,completed,44.7,1
Sports,web,DE,EUR,customer575@example.com,575,2026-08-31,ORD10009,20/04/2026 10:08,Yoga Mat Premium,1,SKU-SP-001,completed,33.53,1
Fashion,marketplace,RO,EUR,customer156@example.com,156,2026-08-24,ORD10010,30/05/2026 07:49,Women's Wool Coat,2,SKU-FA-002,completed,143.57,1
Beauty,web,RO,EUR,customer605@example.com,605,2026-08-27,ORD10011,2026-05-19T11:19:35,Hair Dryer Ionic 2200W,1,SKU-BE-002,completed,65.16,1
Home & Kitchen,web,RO,EUR,customer605@example.com,605,2026-08-27,ORD10011,2026-05-19T11:19:35,Stainless Steel Kettle,1,SKU-HK-001,completed,40.83,1
Sports,marketplace,RO,RON,customer848@example.com,848,2026-08-23,ORD10012,17/01/2026 10:43,Yoga Mat Premium,1,SKU-SP-001,completed,30.52,1
Electronics,marketplace,RO,RON,customer1934@example.com,1934,2026-08-24,ORD10013,2026-05-02T08:52:05,Wireless Earbuds X2,3,SKU-EL-001,completed,77.31,1
Beauty,web,RO,EUR,customer657@example.com,657,2026-08-27,ORD10014,2026-05-16T00:17:49,Hair Dryer Ionic 2200W,1,SKU-BE-002,completed,67.36,1
Fashion,web,RO,EUR,customer657@example.com,657,2026-08-27,ORD10014,2026-05-16T00:17:49,Running Shoes Pro,1,SKU-FA-003,completed,89.74,1
Beauty,mobile_app,RO,EUR,customer1678@example.com,1678,2026-08-24,ORD10015,2026-06-04T09:10:52,Hair Dryer Ionic 2200W,1,SKU-BE-002,completed,71.09,1
Home & Kitchen,mobile_app,RO,EUR,customer1678@example.com,1678,2026-08-24,ORD10015,2026-06-04T09:10:52,Stainless Steel Kettle,1,SKU-HK-001,completed,40.97,1
Electronics,mobile_app,DE,EUR,customer341@example.com,341,2026-08-28,ORD10016,2026-01-09T14:26:15,Wireless Earbuds X2,1,SKU-EL-001,completed,74.4,1
Electronics,mobile_app,DE,EUR,customer341@example.com,341,2026-08-28,ORD10016,2026-01-09T14:26:15,4K Action Camera,1,SKU-EL-004,completed,178.49,1
Books,web,RO,EUR,customer703@example.com,703,2026-08-30,ORD10017,2026-02-10T04:04:17,Atomic Habits (RO ed.),1,SKU-BK-001,completed,19.19,1
Sports,marketplace,RO,EUR,customer500@example.com,500,2026-08-25,ORD10018,2026-04-18T04:05:18,Yoga Mat Premium,1,SKU-SP-001,completed,29.99,1
Home & Kitchen,web,HU,EUR,customer422@example.com,422,2026-08-24,ORD10019,17/05/2026 15:45,Non-stick Frying Pan 28cm,1,SKU-HK-002,completed,26.77,1
Electronics,web,DE,EUR,customer234@example.com,234,2026-09-01,ORD10020,2026-06-14T04:23:54,Bluetooth Speaker Mini,1,SKU-EL-003,completed,47.17,1
Home & Kitchen,web,HU,EUR,customer867@example.com,867,2026-08-30,ORD10021,2026-05-04T09:39:08,Non-stick Frying Pan 28cm,1,SKU-HK-002,completed,28.22,1
Fashion,mobile_app,RO,EUR,customer1014@example.com,1014,2026-08-25,ORD10022,2026-04-06T11:36:31,Men's Slim Fit Jeans,1,SKU-FA-001,completed,52.52,1
Books,web,HU,RON,customer234@example.com,234,2026-08-28,ORD10023,16/04/2026 11:03,Atomic Habits (RO ed.),1,SKU-BK-001,completed,21.95,1
Beauty,web,RO,EUR,customer1673@example.com,1673,2026-09-03,ORD10024,1781742765,Hair Dryer Ionic 2200W,2,SKU-BE-002,completed,66.43,1
Electronics,web,RO,EUR,customer1223@example.com,1223,2026-08-23,ORD10025,1772655606,4K Action Camera,1,SKU-EL-004,completed,198.45,1
Home & Kitchen,mobile_app,RO,EUR,customer660@example.com,660,2026-08-28,ORD10026,28/05/2026 20:43,Air Fryer 5L,1,SKU-HK-003,completed,107.16,1
Sports,mobile_app,RO,EUR,customer660@example.com,660,2026-08-28,ORD10026,28/05/2026 20:43,Adjustable Dumbbell Set,1,SKU-SP-002,completed,179.68,1
Fashion,web,RO,EUR,customer447@example.com,447,2026-08-28,ORD10027,2026-06-10T04:04:07,Running Shoes Pro,1,SKU-FA-O03,completed,80.92,1
Home & Kitchen,web,RO,EUR,customer447@example.com,447,2026-08-28,ORD10027,2026-06-10T04:04:07,Stainless Steel Kettle,1,SKU-HK-001,completed,40.69,1
Sports,web,RO,EUR,customer447@example.com,447,2026-08-28,ORD10027,2026-06-10T04:04:07,Adjustable Dumbbell Set,1,SKU-SP-002,completed,166.26,1
Books,mobile_app,RO,EUR,customer1343@example.com,1343,2026-08-29,ORD10028,2026-01-19T11:35:17,Atomic Habits (RO ed.),1,SKU-BK-001,completed,20.77,1
Home & Kitchen,web,RO,EUR,customer210@example.com,210,2026-09-03,ORD10029,1773392261,Stainless Steel Kettle,1,SKU-HK-001,completed,43.49,1
Electronics,web,RO,RON,customer1884@example.com,1884,2026-09-03,ORD10030,2026-05-14T07:37:48,4K Action Camera,1,SKU-EL-004,completed,184.62,1
Sports,web,RO,EUR,customer1245@example.com,1245,2026-08-30,ORD10031,2026-05-15T01:51:06,Yoga Mat Premium,1,SKU-SP-001,completed,29.15,1
Books,marketplace,RO,EUR,customer25@example.com,25,2026-08-31,ORD10032,2026-03-03T10:52:10,The Pragmatic Programmer,1,SKU-BK-002,completed,40.19,1
Electronics,marketplace,RO,EUR,customer25@example.com,25,2026-08-31,ORD10032,2026-03-03T10:52:10,USB-C Fast Charger 65W,2,SKU-EL-002,completed,34.75,1
Sports,marketplace,RO,EUR,customer25@example.com,25,2026-08-31,ORD10032,2026-03-03T10:52:10,Yoga Mat Premium,1,SKU-SP-001,completed,33.29,1
Fashion,mobile_app,RO,EUR,customer1734@example.com,1734,2026-08-26,ORD10033,2026-02-17T11:21:29,Running Shoes Pro,1,SKU-FA-O03,completed,92.74,1
Electronics,web,BG,EUR,customer531@example.com,531,2026-09-03,ORD10034,25/01/2026 15:32,Wireless Earbuds X2,1,SKU-EL-001,completed,78.86,1
Electronics,marketplace,BG,EUR,customer342@example.com,342,2026-08-24,ORD10035,19/02/2026 12:55,Wireless Earbuds X2,1,SKU-EL-001,completed,85.8,1
Beauty,mobile_app,BG,EUR,customer1517@example.com,1517,2026-08-25,ORD10036,2026-02-13T14:19:01,Hair Dryer Ionic 2200W,1,SKU-BE-002,completed,70.23,1
Electronics,mobile_app,BG,EUR,customer1517@example.com,1517,2026-08-25,ORD10036,2026-02-13T14:19:01,USB-C Fast Charger 65W,2,SKU-EL-002,completed,33.31,1
Electronics,marketplace,DE,RON,customer1212@example.com,1212,2026-08-28,ORD10037,31/05/2026 00:38,4K Action Camera,1,SKU-EL-004,completed,203.95,1
Sports,marketplace,DE,RON,customer1212@example.com,1212,2026-08-28,ORD10037,31/05/2026 00:38,Adjustable Dumbbell Set,1,SKU-SP-002,completed,179.76,1
Electronics,marketplace,DE,RON,customer1212@example.com,1212,2026-08-28,ORD10037,31/05/2026 00:38,Wireless Earbuds X2,1,SKUEL001,completed,87.72,1
Beauty,web,DE,EUR,customer128@example.com,128,2026-08-29,ORD10038,2026-01-26T09:08:41,Vitamin C Serum 30ml,1,SKU-BE-001,completed,23.85,1
Electronics,web,RO,EUR,customer833@example.com,833,2026-08-27,ORD10039,1773236665,4K Action Camera,1,SKU-EL-004,completed,200.63,1
Sports,web,RO,RON,customer1984@example.com,1984,2026-09-01,ORD10040,2026-04-10T16:53:43,Yoga Mat Premium,2,SKU-SP-001,completed,32.36,1
Electronics,web,HU,EUR,customer456@example.com,456,2026-08-26,ORD10041,2026-06-09T22:35:46,Bluetooth Speaker Mini,1,SKU-EL-003,completed,44.73,1
Home & Kitchen,mobile_app,RO,EUR,customer945@example.com,945,2026-08-25,ORD10042,2026-06-29T10:45:57,Non-stick Frying Pan 28cm,1,SKU-HK-002,refunded,30.83,1
Fashion,web,RO,EUR,customer1022@example.com,1022,2026-08-24,ORD10043,2026-04-17T22:23:42,Men's Slim Fit Jeans,1,SKU-FA-001,completed,58.32,1
Fashion,web,HU,EUR,customer1029@example.com,1029,2026-09-03,ORD10044,2026-02-22T12:19:17,Women's Wool Coat,1,SKU-FA-002,completed,159.25,1
Beauty,web,HU,EUR,customer1672@example.com,1672,2026-09-03,ORD10045,2026-05-24T02:56:57,Hair Dryer Ionic 2200W,2,SKU-BE-002,completed,69.49,1
Books,web,HU,EUR,customer1672@example.com,1672,2026-09-03,ORD10045,2026-05-24T02:56:57,Atomic Habits (RO ed.),3,SKU-BK-001,completed,20.24,1
Home & Kitchen,marketplace,RO,EUR,customer185@example.com,185,2026-08-26,ORD10046,2026-04-27T19:57:06,Air Fryer 5L,2,SKU-HK-003,refunded,115.21,1
Electronics,web,RO,EUR,customer228@example.com,228,2026-08-23,ORD10047,2026-06-17T03:00:37,4K Action Camera,1,SKU-EL-004,completed,175.26,1
Home & Kitchen,web,RO,EUR,customer228@example.com,228,2026-08-23,ORD10047,2026-06-17T03:00:37,Non-stick Frying Pan 28cm,1,SKU-HK-002,completed,30.94,1
Electronics,mobile_app,DE,EUR,customer1493@example.com,1493,2026-08-23,ORD10048,1779003347,USB-C Fast Charger 65W,1,SKU-EL-002,completed,33.25,1
Beauty,web,DE,EUR,customer711@example.com,,2026-09-02,ORD10049,02/02/2026 14:24,Vitamin C Serum 30ml,1,SKU-BE-001,completed,23.74,1
Electronics,web,DE,EUR,customer711@example.com,711,2026-09-02,ORD10049,02/02/2026 14:24,Wireless Earbuds X2,1,SKU-EL-001,completed,73.17,1
Fashion,web,DE,EUR,customer711@example.com,711,2026-09-02,ORD10049,02/02/2026 14:24,Men's Slim Fit Jeans,2,SKU-FA-001,completed,54.92,1
Fashion,marketplace,RO,EUR,customer1121@example.com,1121,2026-08-27,ORD10050,2026-01-19T01:53:57,Running Shoes Pro,1,SKU-FA-003,completed,81.8,1
Home & Kitchen,marketplace,RO,EUR,customer1121@example.com,1121,2026-08-27,ORD10050,2026-01-19T01:53:57,Non-stick Frying Pan 28cm,1,SKU-HK-002,completed,26.23,1
Home & Kitchen,marketplace,RO,EUR,customer1121@example.com,1121,2026-08-27,ORD10050,2026-01-19T01:53:57,Air Fryer 5L,1,SKU-HK-003,completed,107.71,1
Books,mobile_app,RO,RON,customer187@example.com,187,2026-09-03,ORD10051,2026-03-17T06:00:26,Atomic Habits (RO ed.),1,SKU-BK-001,completed,21.34,1
Fashion,mobile_app,RO,RON,customer187@example.com,187,2026-09-03,ORD10051,2026-03-17T06:00:26,Men's Slim Fit Jeans,2,SKU-FA-001,completed,52,1
Home & Kitchen,web,HU,EUR,customer483@example.com,483,2026-08-30,ORD10052,2026-01-16T07:57:25,Stainless Steel Kettle,1,SKU-HK-001,completed,44.16,1
Electronics,marketplace,RO,EUR,customer892@example.com,892,2026-08-24,ORD10053,09/06/2026 17:25,Bluetooth Speaker Mini,1,SKU-EL-003,completed,49.55,1
Electronics,marketplace,HU,EUR,customer1601@example.com,1601,2026-08-31,ORD10054,2026-03-22T11:26:29,4K Action Camera,3,SKU-EL-004,completed,191.37,1
Electronics,web,HU,EUR,customer1248@example.com,1248,2026-08-29,ORD10055,2026-02-03T10:30:32,USB-C Fast Charger 65W,1,SKU-EL-002,completed,37.11,1
Books,web,DE,EUR,customer637@example.com,637,2026-08-28,ORD10056,1775473601,Atomic Habits (RO ed.),2,SKU-BK-001,completed,19.27,1
Home & Kitchen,web,RO,EUR,customer1058@example.com,1058,2026-09-01,ORD10057,2026-06-09T10:13:06,Stainless Steel Kettle,2,SKU-HK-001,completed,45.19,1
Sports,web,RO,EUR,customer1058@example.com,1058,2026-09-01,ORD10057,2026-06-09T10:13:06,Yoga Mat Premium,2,SKU-SP-001,completed,30.55,1
Electronics,web,RO,EUR,customer364@example.com,364,2026-09-03,ORD10058,2026-04-03T03:42:49,Wireless Earbuds X2,2,SKU-EL-001,completed,76.88,1
Electronics,web,RO,EUR,customer364@example.com,364,2026-09-03,ORD10058,2026-04-03T03:42:49,Bluetooth Speaker Mini,1,SKU-EL-003,completed,45.7,1
Home & Kitchen,web,RO,EUR,customer364@example.com,364,2026-09-03,ORD10058,2026-04-03T03:42:49,Stainless Steel Kettle,1,SKU-HK-001,completed,44.35,1
Home & Kitchen,web,RO,EUR,customer364@example.com,364,2026-09-03,ORD10058,2026-04-03T03:42:49,Stainless Steel Kettle,1,SKU-HK-001,completed,44.35,2
Fashion,marketplace,BG,EUR,customer1689@example.com,1689,2026-08-24,ORD10059,2026-04-24T11:54:27,Running Shoes Pro,1,SKU-FA-003,completed,89.57,1
Home & Kitchen,marketplace,BG,EUR,customer1689@example.com,1689,2026-08-24,ORD10059,2026-04-24T11:54:27,Stainless Steel Kettle,1,SKU-HK-001,completed,39.82,1
Beauty,mobile_app,RO,EUR,customer1019@example.com,1019,2026-08-29,ORD10060,1771578050,Hair Dryer Ionic 2200W,1,SKU-BE-002,completed,61.4,1
Home & Kitchen,mobile_app,RO,EUR,customer1019@example.com,1019,2026-08-29,ORD10060,1771578050,Non-stick Frying Pan 28cm,1,SKU-HK-002,completed,28.33,1
Home & Kitchen,mobile_app,RO,EUR,customer1019@example.com,1019,2026-08-29,ORD10060,1771578050,Air Fryer 5L,2,SKU-HK-003,completed,123.43,1
Electronics,marketplace,RO,RON,customer110@example.com,110,2026-08-30,ORD10061,2026-04-24T07:39:17,4K Action Camera,1,SKU-EL-004,completed,190.13,1
Sports,marketplace,RO,RON,customer110@example.com,110,2026-08-30,ORD10061,2026-04-24T07:39:17,Adjustable Dumbbell Set,3,SKU-SP-002,completed,162.51,1
Electronics,marketplace,DE,EUR,customer926@example.com,,2026-08-29,ORD10062,28/05/2026 19:25,Bluetooth Speaker Mini,1,SKU-EL-003,completed,48.35,1
Fashion,web,BG,EUR,customer1827@example.com,1827,2026-09-03,ORD10063,2026-06-11T19:07:37,Men's Slim Fit Jeans,1,SKU-FA-001,refunded,53.29,1
Beauty,web,RO,EUR,customer596@example.com,596,2026-08-30,ORD10064,2026-04-12T00:43:11,Vitamin C Serum 30ml,3,SKU-BE-001,completed,24.94,1
,web,RO,EUR,customer433@example.com,433,2026-08-23,ORD10065,2026-04-25T12:10:04,Atomic Habits (RO ed.),1,SKU-BK-001,completed,18.49,1
Sports,web,RO,EUR,customer433@example.com,433,2026-08-23,ORD10065,2026-04-25T12:10:04,Yoga Mat Premium,1,SKU-SP-001,completed,33.74,1
Electronics,mobile_app,DE,EUR,customer1066@example.com,1066,2026-08-23,ORD10066,28/04/2026 14:27,4K Action Camera,1,SKU-EL-004,completed,199.76,1
Electronics,mobile_app,RO,RON,customer329@example.com,329,2026-09-03,ORD10067,1775553050,Bluetooth Speaker Mini,3,SKU-EL-003,completed,52.29,1
Fashion,web,RO,EUR,customer474@example.com,,2026-09-01,ORD10068,2026-02-27T11:33:48,Running Shoes Pro,1,SKU-FA-003,completed,93.08,1
Sports,web,RO,RON,customer1832@example.com,1832,2026-08-23,ORD10069,2026-05-01T17:49:50,Yoga Mat Premium,1,SKU-SP-001,completed,31.72,1
Books,mobile_app,HU,EUR,customer1488@example.com,1488,2026-08-25,ORD10070,2026-06-13T22:57:19,Atomic Habits (RO ed.),1,SKU-BK-001,completed,19.51,1
Beauty,web,BG,EUR,customer232@example.com,232,2026-08-29,ORD10071,2026-03-27T13:45:15,Vitamin C Serum 30ml,1,SKU-BE-001,completed,26.62,1
Fashion,web,BG,EUR,customer232@example.com,232,2026-08-29,ORD10071,2026-03-27T13:45:15,Men's Slim Fit Jeans,2,SKU-FA-001,completed,55.21,1
Sports,web,RO,EUR,customer339@example.com,339,2026-08-23,ORD10072,2026-04-06T11:14:44,Yoga Mat Premium,1,SKU-SP-001,completed,30.3,1
Fashion,marketplace,HU,RON,customer1339@example.com,1339,2026-08-24,ORD10073,2026-03-20T08:09:54,Running Shoes Pro,2,SKU-FA-003,refunded,91.02,1
Electronics,web,BG,RON,customer1572@example.com,1572,2026-08-26,ORD10074,02/04/2026 20:57,Wireless Earbuds X2,2,SKU-EL-001,completed,83.53,1
Fashion,web,BG,RON,customer1572@example.com,1572,2026-08-26,ORD10074,02/04/2026 20:57,Men's Slim Fit Jeans,1,SKU-FA-001,completed,58.63,1
Fashion,marketplace,RO,EUR,customer221@example.com,221,2026-08-25,ORD10075,1768005746,Men's Slim Fit Jeans,1,SKU-FA-001,completed,58.47,1
Home & Kitchen,marketplace,RO,EUR,customer221@example.com,221,2026-08-25,ORD10075,1768005746,Stainless Steel Kettle,1,SKU-HK-001,completed,43.98,1
Fashion,web,RO,RON,customer1419@example.com,1419,2026-08-23,ORD10076,2026-02-23T03:02:57,Running Shoes Pro,1,SKU-FA-003,completed,86.13,1
Sports,web,RO,RON,customer1419@example.com,1419,2026-08-23,ORD10076,2026-02-23T03:02:57,Adjustable Dumbbell Set,2,SKU-SP-002,completed,183.69,1
Books,marketplace,BG,EUR,customer237@example.com,237,2026-08-23,ORD10077,2026-04-20T04:24:56,Atomic Habits (RO ed.),1,SKU-BK-001,completed,21.35,1
Fashion,marketplace,BG,EUR,customer237@example.com,237,2026-08-23,ORD10077,2026-04-20T04:24:56,Running Shoes Pro,2,SKU-FA-003,completed,95.44,1
Fashion,marketplace,RO,EUR,customer1515@example.com,1515,2026-09-03,ORD10078,13/02/2026 13:20,Running Shoes Pro,1,SKU-FA-003,completed,81.75,1
Home & Kitchen,web,BG,EUR,customer1780@example.com,1780,2026-08-29,ORD10079,2026-06-18T23:02:39,Air Fryer 5L,2,SKU-HK-003,completed,111.71,1
Sports,web,BG,EUR,customer1780@example.com,1780,2026-08-29,ORD10079,2026-06-18T23:02:39,Yoga Mat Premium,1,SKU-SP-001,completed,29.83,1
Beauty,web,RO,EUR,customer1585@example.com,1585,2026-08-30,ORD10080,30/04/2026 12:56,Hair Dryer Ionic 2200W,1,SKU-BE-002,completed,67.2,1
Electronics,web,RO,EUR,customer1585@example.com,1585,2026-08-30,ORD10080,30/04/2026 12:56,Bluetooth Speaker Mini,1,SKU-EL-003,completed,46.26,1
Sports,web,RO,EUR,customer1585@example.com,1585,2026-08-30,ORD10080,30/04/2026 12:56,Yoga Mat Premium,1,SKU-SP-001,completed,30.92,1
Beauty,marketplace,BG,EUR,customer1876@example.com,1876,2026-08-27,ORD10081,2026-01-23T00:21:40,Hair Dryer Ionic 2200W,2,SKU-BE-002,completed,64.29,1
Fashion,marketplace,BG,EUR,customer1876@example.com,1876,2026-08-27,ORD10081,2026-01-23T00:21:40,Women's Wool Coat,1,SKU-FA-002,completed,130.71,1
Beauty,web,BG,RON,customer1440@example.com,1440,2026-09-01,ORD10082,24/05/2026 23:03,Vitamin C Serum 30ml,1,SKU-BE-001,completed,22.76,1
Electronics,web,BG,RON,customer1440@example.com,1440,2026-09-01,ORD10082,24/05/2026 23:03,Wireless Earbuds X2,1,SKU-EL-001,completed,72.26,1
Books,web,HU,EUR,customer1901@example.com,1901,2026-08-28,ORD10083,26/02/2026 06:44,Atomic Habits (RO ed.),1,SKU-BK-001,completed,21.28,1
Electronics,web,RO,EUR,customer1299@example.com,1299,2026-08-25,ORD10084,1778588624,4K Action Camera,1,SKU-EL-004,completed,191.75,1
Electronics,web,RO,EUR,customer1855@example.com,1855,2026-09-01,ORD10085,2026-04-10T12:40:07,Bluetooth Speaker Mini,1,SKU-EL-003,completed,46.03,1
Electronics,web,RO,EUR,customer1855@example.com,1855,2026-09-01,ORD10085,2026-04-10T12:40:07,4K Action Camera,1,SKU-EL-004,completed,191.54,1
Beauty,web,BG,EUR,customer397@example.com,397,2026-08-31,ORD10086,2026-03-29T12:09:44,Hair Dryer Ionic 2200W,2,SKU-BE-002,completed,70.96,1
Electronics,mobile_app,RO,EUR,internal.tester1392@aqurate.ai,1392,2026-08-24,ORD10087,2026-06-20T11:14:40,Bluetooth Speaker Mini,2,SKU-EL-003,test,52.84,1
Electronics,mobile_app,RO,EUR,internal.tester1392@aqurate.ai,1392,2026-08-24,ORD10087,2026-06-20T11:14:40,4K Action Camera,1,SKU-EL-004,test,173.2,1
Sports,marketplace,RO,RON,customer76@example.com,76,2026-08-30,ORD10088,1776343502,Yoga Mat Premium,1,SKU-SP-001,completed,33.74,1
Beauty,marketplace,RO,RON,customer1737@example.com,1737,2026-08-31,ORD10089,30/04/2026 05:36,Hair Dryer Ionic 2200W,1,SKU-BE-002,completed,64.61,1
Books,marketplace,RO,RON,customer1737@example.com,1737,2026-08-31,ORD10089,30/04/2026 05:36,Atomic Habits (RO ed.),2,SKU-BK-001,completed,19.04,1
Home & Kitchen,marketplace,RO,RON,customer1737@example.com,1737,2026-08-31,ORD10089,30/04/2026 05:36,Stainless Steel Kettle,1,SKU-HK-001,completed,40.81,1
Books,web,DE,EUR,customer771@example.com,771,2026-08-30,ORD10090,2026-02-13T06:47:08,Atomic Habits (RO ed.),2,SKU-BK-001,completed,20.63,1
Books,web,DE,EUR,customer771@example.com,771,2026-08-30,ORD10090,2026-02-13T06:47:08,The Pragmatic Programmer,1,SKU-BK-002,completed,47.36,1
Fashion,web,DE,EUR,customer771@example.com,771,2026-08-30,ORD10090,2026-02-13T06:47:08,Running Shoes Pro,1,SKU-FA-003,completed,85.29,1
Electronics,web,BG,EUR,customer1059@example.com,1059,2026-09-02,ORD10091,1777281150,Bluetooth Speaker Mini,1,SKU-EL-003,completed,48.72,1
Electronics,web,BG,EUR,customer1059@example.com,1059,2026-09-02,ORD10091,1777281150,4K Action Camera,1,SKU-EL-004,completed,176.44,1
Fashion,web,BG,EUR,customer1059@example.com,1059,2026-09-02,ORD10091,1777281150,Men's Slim Fit Jeans,1,SKU-FA-001,completed,59.5,1
Sports,web,HU,RON,customer1089@example.com,1089,2026-08-26,ORD10092,2026-01-23T19:39:58,Adjustable Dumbbell Set,1,SKU-SP-002,completed,170.46,1
Books,web,RO,EUR,customer1519@example.com,1519,2026-09-01,ORD10093,12/06/2026 13:35,Atomic Habits (RO ed.),1,SKU-BK-001,completed,18.81,1
,web,RO,EUR,customer1519@example.com,1519,2026-09-01,ORD10093,12/06/2026 13:35,Men's Slim Fit Jeans,1,SKU-FA-001,completed,56.08,1
Sports,web,RO,EUR,customer1519@example.com,1519,2026-09-01,ORD10093,12/06/2026 13:35,Adjustable Dumbbell Set,1,SKU-SP-002,completed,178.92,1
Electronics,mobile_app,BG,EUR,customer991@example.com,991,2026-08-24,ORD10094,2026-03-01T13:06:25,4K Action Camera,2,SKU-EL-004,completed,186.98,1
Sports,web,DE,RON,customer1448@example.com,1448,2026-08-31,ORD10095,1773753676,Adjustable Dumbbell Set,1,SKU-SP-002,completed,166.71,1
Fashion,mobile_app,RO,EUR,customer1974@example.com,1974,2026-08-24,ORD10096,31/05/2026 05:16,Running Shoes Pro,1,SKU-FA-003,refunded,95.01,1
Books,mobile_app,RO,EUR,customer178@example.com,178,2026-08-26,ORD10097,2026-06-01T09:32:20,Atomic Habits (RO ed.),1,SKU-BK-001,completed,18.01,1
Electronics,mobile_app,RO,EUR,customer178@example.com,178,2026-08-26,ORD10097,2026-06-01T09:32:20,USB-C Fast Charger 65W,1,SKU-EL-002,completed,34.76,1
Electronics,mobile_app,RO,EUR,customer178@example.com,178,2026-08-26,ORD10097,2026-06-01T09:32:20,Bluetooth Speaker Mini,1,SKU-EL-003,completed,51.22,1
Fashion,web,RO,RON,customer1589@example.com,,2026-08-25,ORD10098,1774955206,Men's Slim Fit Jeans,1,SKU-FA-001,completed,52.03,1
Electronics,web,RO,EUR,customer1380@example.com,1380,2026-08-27,ORD10099,2026-03-08T09:48:08,Bluetooth Speaker Mini,1,SKU-EL-003,completed,50.16,1
Fashion,web,RO,EUR,customer1380@example.com,1380,2026-08-27,ORD10099,2026-03-08T09:48:08,Women's Wool Coat,3,SKU-FA-002,completed,150.31,1
Electronics,marketplace,RO,EUR,customer1109@example.com,1109,2026-08-27,ORD10100,2026-06-14T16:00:56,Bluetooth Speaker Mini,1,SKU-EL-003,completed,49.79,1
Fashion,marketplace,RO,EUR,customer1109@example.com,1109,2026-08-27,ORD10100,2026-06-14T16:00:56,Men's Slim Fit Jeans,1,SKU-FA-001,completed,53.83,1
Fashion,marketplace,RO,EUR,customer1109@example.com,1109,2026-08-27,ORD10100,2026-06-14T16:00:56,Women's Wool Coat,3,SKU-FA-002,completed,157.06,1
Home & Kitchen,web,RO,EUR,customer750@example.com,750,2026-08-24,ORD10101,2026-03-24T07:43:01,Non-stick Frying Pan 28cm,1,SKU-HK-002,completed,31.23,1
Beauty,web,RO,RON,customer1639@example.com,1639,2026-08-25,ORD10102,2026-01-30T00:56:40,Vitamin C Serum 30ml,1,SKU-BE-001,completed,25.3,1
Fashion,web,RO,RON,customer1639@example.com,1639,2026-08-25,ORD10102,2026-01-30T00:56:40,Men's Slim Fit Jeans,3,SKU-FA-001,completed,51.69,1
Sports,web,RO,RON,customer1639@example.com,1639,2026-08-25,ORD10102,2026-01-30T00:56:40,Yoga Mat Premium,1,SKU-SP-001,completed,30.94,1
Home & Kitchen,web,RO,RON,customer1509@example.com,1509,2026-08-30,ORD10103,2026-01-16T05:24:19,Non-stick Frying Pan 28cm,1,SKU-HK-002,completed,30.94,1
Beauty,mobile_app,RO,EUR,customer1338@example.com,1338,2026-08-24,ORD10104,21/02/2026 22:30,Hair Dryer Ionic 2200W,2,SKU-BE-002,completed,65.27,1
Electronics,web,RO,EUR,customer1536@example.com,1536,2026-08-29,ORD10105,2026-02-02T09:51:32,USB-C Fast Charger 65W,1,SKU-EL-002,completed,33.79,1
Beauty,web,HU,RON,customer507@example.com,507,2026-08-27,ORD10106,28/03/2026 01:16,Hair Dryer Ionic 2200W,3,SKU-BE-002,completed,69.74,1
Sports,web,HU,RON,customer507@example.com,507,2026-08-27,ORD10106,28/03/2026 01:16,Adjustable Dumbbell Set,1,SKU-SP-002,completed,173.48,1
Home & Kitchen,mobile_app,RO,RON,customer466@example.com,466,2026-09-03,ORD10107,2026-03-27T19:13:05,Stainless Steel Kettle,1,SKU-HK-001,completed,42.29,1
Home & Kitchen,mobile_app,RO,RON,customer466@example.com,466,2026-09-03,ORD10107,2026-03-27T19:13:05,Non-stick Frying Pan 28cm,2,SKU-HK-002,completed,28.77,1
Fashion,marketplace,DE,EUR,customer452@example.com,452,2026-09-02,ORD10108,23/03/2026 23:46,Women's Wool Coat,1,SKU-FA-002,completed,152.04,1
Electronics,web,RO,EUR,customer558@example.com,558,2026-08-25,ORD10109,2026-04-06T12:52:03,USB-C Fast Charger 65W,2,SKU-EL-002,refunded,34.49,1
Home & Kitchen,web,RO,EUR,customer558@example.com,558,2026-08-25,ORD10109,2026-04-06T12:52:03,Non-stick Frying Pan 28cm,1,SKU-HK-002,refunded,26.36,1
Sports,web,RO,EUR,customer546@example.com,546,2026-08-30,ORD10110,2026-01-14T20:40:36,Yoga Mat Premium,1,SKU-SP-001,completed,35.04,1
Sports,web,RO,EUR,customer546@example.com,546,2026-08-30,ORD10110,2026-01-14T20:40:36,Adjustable Dumbbell Set,1,SKU-SP-002,completed,180.81,1
Home & Kitchen,web,RO,RON,customer1126@example.com,1126,2026-09-01,ORD10111,2026-02-19T04:31:22,Air Fryer 5L,3,SKU-HK-003,completed,112.72,1
Beauty,web,RO,RON,customer1415@example.com,1415,2026-08-31,ORD10112,2026-04-26T18:33:02,Vitamin C Serum 30ml,3,SKU-BE-001,completed,27.47,1
Beauty,mobile_app,BG,EUR,customer1144@example.com,1144,2026-08-29,ORD10113,2026-05-27T22:27:57,Hair Dryer Ionic 2200W,1,SKU-BE-002,completed,70.18,1
Books,mobile_app,BG,EUR,customer1144@example.com,1144,2026-08-29,ORD10113,2026-05-27T22:27:57,The Pragmatic Programmer,2,SKU-BK-002,completed,42.02,1
Beauty,mobile_app,BG,RON,customer752@example.com,752,2026-08-28,ORD10114,31/05/2026 16:02,Hair Dryer Ionic 2200W,2,SKU-BE-002,completed,61.6,1
Home & Kitchen,web,RO,RON,customer1256@example.com,1256,2026-08-27,ORD10115,21/03/2026 13:49,Stainless Steel Kettle,1,SKU-HK-001,completed,38.06,1
Books,web,RO,EUR,customer1209@example.com,1209,2026-08-23,ORD10116,2026-03-13T03:20:00,The Pragmatic Programmer,3,SKU-BK-002,completed,46.92,1
Electronics,web,DE,EUR,customer120@example.com,120,2026-08-27,ORD10117,2026-02-21T14:47:26,USB-C Fast Charger 65W,1,SKU-EL-002,completed,35.46,1
Electronics,web,DE,EUR,customer120@example.com,120,2026-08-27,ORD10117,2026-02-21T14:47:26,4K Action Camera,2,SKU-EL-004,completed,190.2,1
Beauty,mobile_app,RO,EUR,customer692@example.com,692,2026-09-01,ORD10118,1776182963,Vitamin C Serum 30ml,1,SKU-BE-001,completed,26.31,1
Sports,mobile_app,RO,EUR,customer692@example.com,692,2026-09-01,ORD10118,1776182963,Adjustable Dumbbell Set,1,SKU-SP-002,completed,191.16,1
Fashion,web,RO,EUR,customer619@example.com,619,2026-08-26,ORD10119,2026-02-13T02:04:01,Women's Wool Coat,3,SKU-FA-002,completed,145.33,1
Electronics,marketplace,RO,EUR,customer512@example.com,512,2026-09-02,ORD10120,2026-06-07T11:52:47,Bluetooth Speaker Mini,2,SKU-EL-003,completed,51.87,1
Home & Kitchen,web,DE,EUR,customer1497@example.com,1497,2026-08-23,ORD10121,2026-03-16T02:08:01,Air Fryer 5L,1,SKU-HK-003,completed,114.7,1
Sports,web,DE,EUR,customer1497@example.com,1497,2026-08-23,ORD10121,2026-03-16T02:08:01,Adjustable Dumbbell Set,3,SKU-SP-002,completed,161.72,1
Electronics,mobile_app,RO,RON,customer1179@example.com,1179,2026-09-01,ORD10122,2026-02-13T02:59:38,USB-C Fast Charger 65W,1,SKU-EL-002,completed,32.86,1
Sports,marketplace,RO,EUR,customer1171@example.com,1171,2026-08-27,ORD10123,1777560311,Adjustable Dumbbell Set,1,SKU-SP-002,completed,189.84,1
Fashion,mobile_app,HU,RON,customer625@example.com,625,2026-08-31,ORD10124,09/03/2026 21:47,Men's Slim Fit Jeans,1,SKU-FA-001,completed,53.61,1
Home & Kitchen,web,RO,RON,customer1680@example.com,1680,2026-09-03,ORD10125,08/03/2026 15:45,Air Fryer 5L,2,SKU-HK-003,completed,112.14,1
Electronics,web,RO,EUR,customer1856@example.com,1856,2026-08-29,ORD10126,2026-01-09T10:38:27,Wireless Earbuds X2,2,SKU-EL-001,completed,78.17,1
Fashion,web,RO,EUR,customer1856@example.com,1856,2026-08-29,ORD10126,2026-01-09T10:38:27,Women's Wool Coat,1,SKU-FA-002,completed,157.91,1
Books,web,RO,EUR,customer1980@example.com,1980,2026-08-29,ORD10127,29/06/2026 21:06,The Pragmatic Programmer,1,SKU-BK-002,completed,40.98,1
Beauty,web,HU,EUR,customer1282@example.com,1282,2026-08-25,ORD10128,1773721244,Vitamin C Serum 30ml,2,SKU-BE-001,completed,25.77,1
Home & Kitchen,web,RO,EUR,customer313@example.com,313,2026-09-03,ORD10129,1772466513,Stainless Steel Kettle,1,SKU-HK-001,completed,43.55,1
Electronics,web,RO,EUR,customer1578@example.com,1578,2026-09-01,ORD10130,1776702114,4K Action Camera,1,SKU-EL-004,completed,201.83,1
Fashion,web,RO,RON,customer1683@example.com,1683,2026-08-31,ORD10131,2026-05-24T08:54:43,Women's Wool Coat,1,SKU-FA-002,completed,137.2,1
Fashion,web,RO,RON,customer1683@example.com,1683,2026-08-31,ORD10131,2026-05-24T08:54:43,Running Shoes Pro,2,SKU-FA-003,completed,87.63,1
Fashion,web,RO,RON,customer1683@example.com,1683,2026-08-31,ORD10131,2026-05-24T08:54:43,Running Shoes Pro,2,SKU-FA-003,completed,87.63,2
Books,web,RO,EUR,customer846@example.com,846,2026-08-28,ORD10132,1778488800,Atomic Habits (RO ed.),2,SKU-BK-001,completed,19.95,1
Electronics,marketplace,HU,EUR,customer641@example.com,641,2026-08-28,ORD10133,2026-05-25T04:09:03,USB-C Fast Charger 65W,1,SKU-EL-002,completed,34.17,1
Fashion,mobile_app,RO,EUR,customer1058@example.com,1058,2026-08-25,ORD10134,2026-01-10T13:44:00,Men's Slim Fit Jeans,1,SKU-FA-001,completed,59.34,1
Fashion,mobile_app,RO,EUR,customer1058@example.com,1058,2026-08-25,ORD10134,2026-01-10T13:44:00,Running Shoes Pro,1,SKU-FA-003,completed,86.2,1
Books,web,BG,RON,internal.tester1808@aqurate.ai,1808,2026-08-26,ORD10135,2026-02-18T13:28:04,Atomic Habits (RO ed.),1,SKU-BK-001,test,18.33,1
Electronics,web,RO,RON,customer90@example.com,90,2026-08-27,ORD10136,2026-06-27T03:24:21,USB-C Fast Charger 65W,1,SKU-EL-002,completed,36.09,1
Electronics,web,RO,RON,customer90@example.com,90,2026-08-27,ORD10136,2026-06-27T03:24:21,USB-C Fast Charger 65W,1,SKU-EL-002,completed,36.09,2
Home & Kitchen,web,RO,RON,customer90@example.com,90,2026-08-27,ORD10136,2026-06-27T03:24:21,Air Fryer 5L,1,SKU-HK-003,completed,118.94,1
Electronics,web,HU,EUR,customer1232@example.com,1232,2026-08-30,ORD10137,1771331205,Wireless Earbuds X2,3,SKU-EL-001,completed,74.57,1
Home & Kitchen,web,HU,EUR,customer1232@example.com,1232,2026-08-30,ORD10137,1771331205,Air Fryer 5L,1,SKU-HK-003,completed,108.41,1
Electronics,mobile_app,DE,EUR,customer74@example.com,74,2026-08-23,ORD10138,2026-02-28T02:48:48,Bluetooth Speaker Mini,1,SKU-EL-003,completed,45.42,1
Books,mobile_app,BG,EUR,customer1495@example.com,1495,2026-09-01,ORD10139,1776099851,The Pragmatic Programmer,1,SKU-BK-002,completed,40,1
Fashion,mobile_app,BG,EUR,customer1495@example.com,1495,2026-09-01,ORD10139,1776099851,Running Shoes Pro,2,SKU-FA-003,completed,85.58,1
Home & Kitchen,mobile_app,BG,EUR,customer1495@example.com,1495,2026-09-01,ORD10139,1776099851,Air Fryer 5L,2,SKU-HK-003,completed,112.64,1
Electronics,web,BG,EUR,customer615@example.com,615,2026-08-26,ORD10140,04/03/2026 21:35,Wireless Earbuds X2,2,SKU-EL-001,completed,75.09,1
Beauty,mobile_app,BG,EUR,customer1772@example.com,1772,2026-08-29,ORD10141,2026-03-07T01:43:27,Vitamin C Serum 30ml,1,SKU-BE-001,completed,22.58,1
Electronics,web,HU,RON,customer695@example.com,695,2026-08-30,ORD10142,2026-05-02T15:45:07,4K Action Camera,2,SKU-EL-004,completed,196.76,1
Sports,web,HU,RON,customer695@example.com,695,2026-08-30,ORD10142,2026-05-02T15:45:07,Yoga Mat Premium,1,SKU-SP-001,completed,30.02,1
Sports,web,HU,RON,customer695@example.com,695,2026-08-30,ORD10142,2026-05-02T15:45:07,Adjustable Dumbbell Set,1,SKU-SP-002,completed,168.08,1
Electronics,web,RO,EUR,customer1922@example.com,1922,2026-08-28,ORD10143,2026-01-26T18:30:24,4K Action Camera,1,SKU-EL-004,completed,205.34,1
Beauty,web,RO,EUR,customer640@example.com,640,2026-08-25,ORD10144,2026-05-28T06:50:14,Vitamin C Serum 30ml,2,SKU-BE-001,completed,25.85,1
Beauty,web,HU,RON,customer1126@example.com,1126,2026-08-30,ORD10145,1769600529,Vitamin C Serum 30ml,1,SKU-BE-001,completed,22.74,1
Home & Kitchen,mobile_app,HU,EUR,customer1826@example.com,1826,2026-08-24,ORD10146,12/06/2026 08:51,Air Fryer 5L,2,SKU-HK-003,completed,123.07,1
Fashion,mobile_app,RO,EUR,customer934@example.com,934,2026-08-25,ORD10147,06/05/2026 03:12,Women's Wool Coat,3,SKU-FA-002,completed,141.87,1
Sports,web,HU,EUR,customer720@example.com,720,2026-09-03,ORD10148,2026-06-14T05:33:23,Yoga Mat Premium,2,SKU-SP-001,completed,33.9,1
Sports,web,RO,EUR,customer1123@example.com,1123,2026-08-24,ORD10149,2026-04-04T16:01:43,Adjustable Dumbbell Set,1,SKU-SP-002,completed,169.48,1
Electronics,mobile_app,RO,EUR,customer1221@example.com,1221,2026-08-30,ORD10150,2026-04-18T18:53:46,4K Action Camera,1,SKU-EL-004,completed,192.64,1
Books,web,RO,EUR,customer1547@example.com,1547,2026-08-26,ORD10151,01/01/2026 00:51,Atomic Habits (RO ed.),1,SKU-BK-001,completed,21.5,1
Electronics,web,RO,EUR,customer1547@example.com,1547,2026-08-26,ORD10151,01/01/2026 00:51,4K Action Camera,3,SKU-EL-004,completed,192.13,1
Beauty,web,DE,RON,customer2@example.com,2,2026-08-31,ORD10152,1780995555,Hair Dryer Ionic 2200W,2,SKU-BE-002,completed,63.18,1
Sports,web,DE,RON,customer2@example.com,2,2026-08-31,ORD10152,1780995555,Adjustable Dumbbell Set,1,SKU-SP-002,completed,179.38,1
Books,web,RO,EUR,customer1813@example.com,1813,2026-08-23,ORD10153,1774552799,Atomic Habits (RO ed.),2,SKU-BK-001,completed,20.77,1
Beauty,web,BG,EUR,customer870@example.com,870,2026-08-24,ORD10154,2026-04-23T05:23:19,Hair Dryer Ionic 2200W,3,SKU-BE-002,completed,65.89,1
Electronics,web,BG,EUR,customer870@example.com,870,2026-08-24,ORD10154,2026-04-23T05:23:19,Wireless Earbuds X2,3,SKUEL001,completed,84.45,1
Books,web,RO,RON,customer1298@example.com,1298,2026-08-24,ORD10155,2026-04-23T13:15:51,Atomic Habits (RO ed.),1,SKU-BK-001,completed,19.87,1
Electronics,web,BG,RON,customer1535@example.com,1535,2026-08-28,ORD10156,2026-06-02T10:27:56,USB-C Fast Charger 65W,1,SKU-EL-002,completed,33.06,1
Home & Kitchen,web,HU,EUR,customer1262@example.com,1262,2026-08-31,ORD10157,2026-06-16T13:54:35,Stainless Steel Kettle,1,SKU-HK-001,completed,40.91,1
Fashion,mobile_app,DE,EUR,customer1982@example.com,1982,2026-08-30,ORD10158,2026-06-09T13:30:37,Men's Slim Fit Jeans,1,SKU-FA-001,completed,57.49,1
Books,marketplace,RO,EUR,customer951@example.com,951,2026-08-30,ORD10159,2026-02-28T12:28:21,The Pragmatic Programmer,1,SKU-BK-002,completed,44.27,1
Beauty,mobile_app,HU,EUR,customer200@example.com,200,2026-08-25,ORD10160,2026-05-04T18:36:42,Vitamin C Serum 30ml,2,SKU-BE-001,completed,23.77,1
Books,mobile_app,HU,EUR,customer200@example.com,200,2026-08-25,ORD10160,2026-05-04T18:36:42,Atomic Habits (RO ed.),1,SKU-BK-001,completed,20.89,1
Home & Kitchen,mobile_app,HU,EUR,customer200@example.com,200,2026-08-25,ORD10160,2026-05-04T18:36:42,Stainless Steel Kettle,1,SKU-HK-001,completed,46.14,1
Books,web,DE,EUR,customer1228@example.com,1228,2026-08-23,ORD10161,1779105128,Atomic Habits (RO ed.),1,SKU-BK-001,completed,21.07,1
Home & Kitchen,web,DE,EUR,customer1228@example.com,1228,2026-08-23,ORD10161,1779105128,Non-stick Frying Pan 28cm,1,SKU-HK-002,completed,26.7,1
Electronics,web,HU,EUR,customer1665@example.com,1665,2026-09-01,ORD10162,2026-03-27T13:13:39,4K Action Camera,1,SKU-EL-004,completed,199.16,1
Home & Kitchen,web,BG,EUR,customer514@example.com,514,2026-09-03,ORD10163,1767540420,Stainless Steel Kettle,2,SKU-HK-001,completed,38.39,1
Sports,web,BG,EUR,customer514@example.com,514,2026-09-03,ORD10163,1767540420,Yoga Mat Premium,1,SKU-SP-001,completed,30.91,1
Electronics,web,RO,EUR,customer683@example.com,683,2026-08-26,ORD10164,2026-03-19T19:00:01,Bluetooth Speaker Mini,1,SKU-EL-003,completed,51.61,1
Sports,web,RO,EUR,customer683@example.com,683,2026-08-26,ORD10164,2026-03-19T19:00:01,Adjustable Dumbbell Set,1,SKU-SP-002,completed,170.07,1
Books,web,RO,EUR,customer1002@example.com,1002,2026-09-02,ORD10165,2026-06-03T22:25:56,Atomic Habits (RO ed.),3,SKU-BK-001,completed,18.06,1
Fashion,marketplace,RO,RON,customer1926@example.com,1926,2026-08-26,ORD10166,2026-06-19T18:19:31,Men's Slim Fit Jeans,2,SKU-FA-001,completed,54.52,1
Home & Kitchen,marketplace,RO,RON,customer1926@example.com,1926,2026-08-26,ORD10166,2026-06-19T18:19:31,Stainless Steel Kettle,1,SKU-HK-001,completed,41.76,1
Home & Kitchen,mobile_app,RO,EUR,customer1648@example.com,1648,2026-09-02,ORD10167,07/03/2026 12:07,Stainless Steel Kettle,1,SKU-HK-001,completed,45.9,1
Sports,marketplace,RO,EUR,customer758@example.com,758,2026-09-01,ORD10168,2026-03-27T04:18:33,Yoga Mat Premium,2,SKU-SP-001,completed,28.9,1
Electronics,web,RO,EUR,customer1654@example.com,1654,2026-08-26,ORD10169,03/04/2026 10:22,4K Action Camera,1,SKU-EL-004,completed,179.01,1
Sports,web,RO,EUR,customer1654@example.com,1654,2026-08-26,ORD10169,03/04/2026 10:22,Adjustable Dumbbell Set,3,SKU-SP-002,completed,178.87,1
Books,web,RO,EUR,customer1578@example.com,1578,2026-08-24,ORD10170,2026-02-10T09:51:24,The Pragmatic Programmer,1,SKU-BK-002,completed,45.5,1
Fashion,web,RO,EUR,customer1578@example.com,1578,2026-08-24,ORD10170,2026-02-10T09:51:24,Men's Slim Fit Jeans,1,SKU-FA-001,completed,57.64,1
Electronics,web,RO,EUR,customer1214@example.com,1214,2026-08-31,ORD10171,2026-03-23T08:59:25,4K Action Camera,1,SKU-EL-004,completed,185.7,1
Fashion,mobile_app,BG,EUR,customer1249@example.com,1249,2026-08-23,ORD10172,2026-03-17T05:05:24,Women's Wool Coat,1,SKU-FA-002,completed,134.19,1
Fashion,marketplace,RO,EUR,customer1816@example.com,1816,2026-09-02,ORD10173,31/01/2026 10:41,Men's Slim Fit Jeans,1,SKU-FA-001,completed,58.93,1
Sports,marketplace,RO,EUR,customer506@example.com,506,2026-09-03,ORD10174,2026-03-26T07:44:44,Adjustable Dumbbell Set,3,SKU-SP-002,completed,158.9,1
Home & Kitchen,web,BG,EUR,customer927@example.com,927,2026-08-31,ORD10175,2026-01-17T03:14:04,Stainless Steel Kettle,1,SKU-HK-001,completed,39.81,1
Books,mobile_app,RO,EUR,customer2000@example.com,2000,2026-08-26,ORD10176,2026-05-30T21:00:42,Atomic Habits (RO ed.),2,SKU-BK-001,completed,18,1
Electronics,web,HU,EUR,customer1255@example.com,1255,2026-09-03,ORD10177,2026-06-04T06:32:21,USB-C Fast Charger 65W,1,SKU-EL-002,completed,37.33,1
Books,web,RO,RON,customer1444@example.com,1444,2026-08-31,ORD10178,18/05/2026 17:45,The Pragmatic Programmer,2,SKU-BK-002,completed,46.22,1
Books,mobile_app,RO,EUR,customer867@example.com,867,2026-08-31,ORD10179,2026-01-13T07:19:18,The Pragmatic Programmer,2,SKU-BK-002,completed,45.57,1
Electronics,web,RO,EUR,customer135@example.com,135,2026-08-28,ORD10180,2026-06-21T15:38:26,Bluetooth Speaker Mini,1,SKU-EL-003,completed,46.8,1
Electronics,mobile_app,BG,EUR,customer1109@example.com,1109,2026-08-26,ORD10181,2026-04-03T00:33:25,Wireless Earbuds X2,1,SKU-EL-001,completed,80.77,1
Electronics,mobile_app,BG,EUR,customer1109@example.com,1109,2026-08-26,ORD10181,2026-04-03T00:33:25,Bluetooth Speaker Mini,2,SKU-EL-003,completed,52.28,1
Sports,mobile_app,BG,EUR,customer1109@example.com,1109,2026-08-26,ORD10181,2026-04-03T00:33:25,Adjustable Dumbbell Set,2,SKU-SP-002,completed,162.69,1
Fashion,web,RO,EUR,customer1451@example.com,1451,2026-08-25,ORD10182,10/05/2026 09:26,Men's Slim Fit Jeans,1,SKU-FA-001,completed,59.62,1
Fashion,web,RO,EUR,customer1451@example.com,1451,2026-08-25,ORD10182,10/05/2026 09:26,Men's Slim Fit Jeans,1,SKU-FA-001,completed,59.62,2
Home & Kitchen,web,RO,EUR,customer1451@example.com,1451,2026-08-25,ORD10182,10/05/2026 09:26,Stainless Steel Kettle,1,SKU-HK-001,completed,39.35,1
Home & Kitchen,mobile_app,RO,EUR,customer1999@example.com,1999,2026-09-03,ORD10183,06/05/2026 16:22,Stainless Steel Kettle,2,SKU-HK-001,completed,43.92,1
Home & Kitchen,web,RO,EUR,customer51@example.com,51,2026-09-02,ORD10184,2026-06-13T06:46:13,Air Fryer 5L,1,SKU-HK-003,completed,112.39,1
Sports,web,BG,RON,customer399@example.com,399,2026-08-30,ORD10185,28/04/2026 02:59,Adjustable Dumbbell Set,1,SKU-SP-002,completed,170.55,1
Books,mobile_app,BG,RON,customer852@example.com,852,2026-08-28,ORD10186,2026-02-26T01:07:55,The Pragmatic Programmer,3,SKU-BK-002,completed,43.25,1
Electronics,mobile_app,BG,RON,customer852@example.com,852,2026-08-28,ORD10186,2026-02-26T01:07:55,Bluetooth Speaker Mini,1,SKU-EL-003,completed,48.75,1
Electronics,web,RO,EUR,customer87@example.com,87,2026-08-26,ORD10187,28/02/2026 15:23,Wireless Earbuds X2,1,SKU-EL-001,completed,76.19,1
Sports,web,RO,EUR,customer87@example.com,87,2026-08-26,ORD10187,28/02/2026 15:23,Yoga Mat Premium,1,SKU-SP-001,completed,29.56,1
Electronics,web,HU,RON,customer1287@example.com,1287,2026-08-25,ORD10188,15/05/2026 19:24,Bluetooth Speaker Mini,1,SKU-EL-003,completed,46.96,1
Fashion,web,HU,RON,customer1287@example.com,1287,2026-08-25,ORD10188,15/05/2026 19:24,Women's Wool Coat,1,SKU-FA-002,completed,134.74,1
Electronics,web,RO,EUR,customer661@example.com,661,2026-09-02,ORD10189,10/06/2026 13:16,4K Action Camera,-1,SKU-EL-004,completed,201.22,1
Fashion,web,RO,EUR,customer661@example.com,661,2026-09-02,ORD10189,10/06/2026 13:16,Women's Wool Coat,1,SKU-FA-002,completed,136.91,1
Books,web,RO,EUR,customer1549@example.com,1549,2026-08-25,ORD10190,2026-03-23T00:58:28,The Pragmatic Programmer,1,SKU-BK-002,completed,42.79,1
Home & Kitchen,web,RO,EUR,customer1549@example.com,1549,2026-08-25,ORD10190,2026-03-23T00:58:28,Non-stick Frying Pan 28cm,2,SKU-HK-002,completed,26.92,1
Electronics,mobile_app,RO,RON,customer1606@example.com,1606,2026-08-29,ORD10191,04/01/2026 15:38,USB-C Fast Charger 65W,1,SKU-EL-002,completed,37.32,1
Beauty,web,DE,EUR,customer410@example.com,410,2026-09-03,ORD10192,2026-03-10T06:15:56,Hair Dryer Ionic 2200W,1,SKU-BE-002,completed,69.62,1
Home & Kitchen,marketplace,RO,RON,customer1466@example.com,1466,2026-08-29,ORD10193,2026-02-24T17:32:52,Air Fryer 5L,3,SKU-HK-003,completed,127.36,1
Books,web,RO,EUR,customer1054@example.com,1054,2026-08-24,ORD10194,22/01/2026 21:53,The Pragmatic Programmer,2,SKU-BK-002,completed,45.8,1
Beauty,web,DE,EUR,customer2000@example.com,2000,2026-08-27,ORD10195,2026-02-13T20:38:47,Vitamin C Serum 30ml,1,SKU-BE-001,completed,27.38,1
Books,web,DE,EUR,customer2000@example.com,2000,2026-08-27,ORD10195,2026-02-13T20:38:47,The Pragmatic Programmer,1,SKU-BK-002,completed,39.71,1
Fashion,mobile_app,RO,EUR,customer828@example.com,828,2026-08-25,ORD10196,2026-06-12T17:52:17,Women's Wool Coat,2,SKU-FA-002,completed,153.73,1
Electronics,web,BG,RON,customer932@example.com,932,2026-09-01,ORD10197,2026-02-18T16:17:57,USB-C Fast Charger 65W,2,SKU-EL-002,completed,34.49,1
Books,mobile_app,RO,EUR,customer1354@example.com,1354,2026-08-25,ORD10198,2026-05-30T01:08:43,The Pragmatic Programmer,1,SKU-BK-002,completed,43.64,1
Fashion,mobile_app,RO,EUR,customer1354@example.com,1354,2026-08-25,ORD10198,2026-05-30T01:08:43,Women's Wool Coat,1,SKU-FA-002,completed,155.43,1
Books,mobile_app,BG,EUR,customer1466@example.com,1466,2026-08-27,ORD10199,2026-05-29T08:32:59,The Pragmatic Programmer,1,SKU-BK-002,completed,47.12,1
Beauty,web,RO,EUR,customer657@example.com,657,2026-08-29,ORD10200,2026-04-25T15:45:32,Vitamin C Serum 30ml,1,SKU-BE-001,completed,24.63,1
Sports,web,RO,RON,customer1410@example.com,1410,2026-09-02,ORD10201,2026-03-01T04:59:42,Adjustable Dumbbell Set,1,SKU-SP-002,completed,189.05,1
Beauty,web,RO,EUR,customer1656@example.com,1656,2026-08-31,ORD10202,15/05/2026 03:39,Vitamin C Serum 30ml,1,SKU-BE-001,completed,23.99,1
Electronics,web,HU,RON,customer544@example.com,544,2026-08-28,ORD10203,2026-04-22T08:48:00,4K Action Camera,1,SKU-EL-004,completed,180.43,1
Home & Kitchen,mobile_app,RO,EUR,customer615@example.com,615,2026-08-31,ORD10204,2026-04-15T20:20:17,Non-stick Frying Pan 28cm,2,SKU-HK-002,completed,29.23,1
Home & Kitchen,mobile_app,HU,RON,customer1307@example.com,1307,2026-08-23,ORD10205,1777533895,Air Fryer 5L,1,SKU-HK-003,completed,110.62,1
Electronics,web,BG,EUR,customer845@example.com,845,2026-09-03,ORD10206,25/02/2026 17:43,4K Action Camera,1,SKU-EL-004,completed,171.15,1
Electronics,web,BG,EUR,customer559@example.com,559,2026-08-25,ORD10207,20/02/2026 04:12,USB-C Fast Charger 65W,-3,SKU-EL-002,completed,34.4,1
Electronics,web,RO,EUR,customer745@example.com,745,2026-08-24,ORD10208,2026-06-21T23:45:04,4K Action Camera,1,SKU-EL-004,completed,192.04,1
Fashion,web,RO,EUR,customer745@example.com,745,2026-08-24,ORD10208,2026-06-21T23:45:04,Women's Wool Coat,2,SKU-FA-002,completed,151.88,1
Sports,marketplace,RO,RON,customer837@example.com,837,2026-08-23,ORD10209,2026-04-25T11:10:49,Adjustable Dumbbell Set,1,SKU-SP-002,completed,166.12,1
Books,web,BG,EUR,customer1854@example.com,1854,2026-08-28,ORD10210,13/06/2026 09:32,The Pragmatic Programmer,3,SKU-BK-002,completed,47.68,1
Fashion,web,BG,EUR,customer1854@example.com,1854,2026-08-28,ORD10210,13/06/2026 09:32,Women's Wool Coat,1,SKU-FA-002,completed,149.03,1
Books,web,RO,EUR,customer650@example.com,650,2026-08-30,ORD10211,29/05/2026 21:16,The Pragmatic Programmer,2,SKU-BK-002,completed,47.75,1
Fashion,web,RO,EUR,customer650@example.com,650,2026-08-30,ORD10211,29/05/2026 21:16,Men's Slim Fit Jeans,1,SKU-FA-001,completed,57.52,1
Fashion,web,RO,RON,customer1313@example.com,1313,2026-08-26,ORD10212,2026-03-19T19:13:10,Men's Slim Fit Jeans,1,SKU-FA-001,completed,60.17,1
Beauty,web,DE,RON,customer1506@example.com,1506,2026-09-02,ORD10213,03/02/2026 16:28,Hair Dryer Ionic 2200W,1,SKU-BE-002,completed,69.89,1
Fashion,web,RO,EUR,customer1858@example.com,1858,2026-08-29,ORD10214,2026-03-31T19:03:22,Women's Wool Coat,1,SKU-FA-002,completed,158.28,1
Sports,web,RO,EUR,customer1013@example.com,1013,2026-08-29,ORD10215,2026-05-19T13:26:52,Adjustable Dumbbell Set,2,SKU-SP-002,completed,178.5,1
Electronics,web,HU,EUR,customer537@example.com,537,2026-08-31,ORD10216,1774791733,Wireless Earbuds X2,1,SKU-EL-001,completed,85.93,1
Electronics,web,HU,EUR,customer107@example.com,107,2026-08-31,ORD10217,2026-02-15T14:26:25,USB-C Fast Charger 65W,1,SKU-EL-002,completed,34.53,1
Home & Kitchen,web,RO,EUR,customer348@example.com,348,2026-08-27,ORD10218,1772916041,Stainless Steel Kettle,1,SKU-HK-001,completed,40.43,1
Books,marketplace,RO,RON,customer540@example.com,540,2026-08-30,ORD10219,1780002522,The Pragmatic Programmer,3,SKU-BK-002,completed,44.49,1
Sports,marketplace,RO,RON,customer540@example.com,540,2026-08-30,ORD10219,1780002522,Yoga Mat Premium,1,SKU-SP-001,completed,31.79,1
Beauty,web,RO,EUR,customer231@example.com,231,2026-08-28,ORD10220,2026-06-18T07:57:01,Hair Dryer Ionic 2200W,1,SKU-BE-002,completed,68.49,1
Home & Kitchen,web,RO,EUR,customer231@example.com,231,2026-08-28,ORD10220,2026-06-18T07:57:01,Non-stick Frying Pan 28cm,1,SKU-HK-002,completed,27.2,1
Books,web,RO,EUR,customer1949@example.com,1949,2026-08-25,ORD10221,2026-03-04T19:47:52,Atomic Habits (RO ed.),1,SKU-BK-001,completed,19.07,1
Beauty,web,DE,EUR,customer1858@example.com,1858,2026-09-03,ORD10222,2026-04-21T12:28:14,Hair Dryer Ionic 2200W,1,SKU-BE-002,completed,63.73,1
Books,web,DE,EUR,customer1858@example.com,1858,2026-09-03,ORD10222,2026-04-21T12:28:14,The Pragmatic Programmer,3,SKU-BK-002,completed,44.91,1
Electronics,web,DE,EUR,customer1858@example.com,1858,2026-09-03,ORD10222,2026-04-21T12:28:14,USB-C Fast Charger 65W,1,SKU-EL-002,completed,35.21,1
Electronics,web,HU,EUR,customer1230@example.com,1230,2026-08-28,ORD10223,2026-05-27T21:30:06,Bluetooth Speaker Mini,1,SKU-EL-003,completed,47.45,1
Fashion,mobile_app,RO,RON,customer596@example.com,596,2026-08-25,ORD10224,1768554072,Running Shoes Pro,2,SKU-FA-O03,completed,90.32,1
Books,web,DE,RON,customer1165@example.com,1165,2026-08-26,ORD10225,2026-03-11T00:33:09,Atomic Habits (RO ed.),2,SKU-BK-001,completed,21.36,1
Electronics,web,DE,RON,customer1165@example.com,1165,2026-08-26,ORD10225,2026-03-11T00:33:09,Bluetooth Speaker Mini,2,SKU-EL-003,completed,47.45,1
Sports,web,RO,EUR,customer889@example.com,889,2026-08-31,ORD10226,2026-01-02T03:14:57,Yoga Mat Premium,2,SKU-SP-001,completed,34.98,1
Home & Kitchen,web,RO,RON,customer809@example.com,809,2026-08-27,ORD10227,2026-01-18T00:24:33,Air Fryer 5L,1,SKU-HK-003,completed,118.55,1
Sports,web,RO,RON,customer809@example.com,809,2026-08-27,ORD10227,2026-01-18T00:24:33,Adjustable Dumbbell Set,1,SKU-SP-002,completed,161.58,1
Sports,web,RO,EUR,customer604@example.com,604,2026-08-25,ORD10228,2026-06-11T21:58:09,Adjustable Dumbbell Set,3,SKU-SP-002,completed,187.2,1
Fashion,mobile_app,RO,EUR,customer1253@example.com,1253,2026-08-27,ORD10229,25/06/2026 17:56,Running Shoes Pro,1,SKU-FA-003,completed,93.97,1
Home & Kitchen,mobile_app,RO,EUR,customer1253@example.com,1253,2026-08-27,ORD10229,25/06/2026 17:56,Non-stick Frying Pan 28cm,1,SKU-HK-002,completed,30.68,1
Sports,mobile_app,RO,EUR,customer1253@example.com,1253,2026-08-27,ORD10229,25/06/2026 17:56,Adjustable Dumbbell Set,1,SKU-SP-002,completed,166.87,1
Fashion,web,BG,RON,customer1989@example.com,1989,2026-08-23,ORD10230,2026-05-01T17:59:43,Running Shoes Pro,1,SKU-FA-003,completed,84.05,1
Home & Kitchen,web,BG,RON,customer1989@example.com,1989,2026-08-23,ORD10230,2026-05-01T17:59:43,Non-stick Frying Pan 28cm,1,SKU-HK-002,completed,30.17,1
Beauty,marketplace,RO,EUR,customer697@example.com,697,2026-09-02,ORD10231,2026-05-30T09:32:32,Hair Dryer Ionic 2200W,1,SKU-BE-002,completed,65.81,1
Electronics,marketplace,RO,EUR,customer697@example.com,697,2026-09-02,ORD10231,2026-05-30T09:32:32,4K Action Camera,1,SKU-EL-004,completed,205.87,1
Electronics,web,BG,EUR,customer1561@example.com,1561,2026-08-23,ORD10232,1779515781,4K Action Camera,2,SKU-EL-004,completed,186.7,1
Electronics,web,RO,EUR,customer763@example.com,763,2026-08-23,ORD10233,2026-03-22T14:04:49,Bluetooth Speaker Mini,1,SKU-EL-003,completed,52,1
Fashion,web,RO,EUR,customer763@example.com,763,2026-08-23,ORD10233,2026-03-22T14:04:49,Men's Slim Fit Jeans,2,SKU-FA-001,completed,54.05,1
Books,web,BG,EUR,customer1353@example.com,1353,2026-08-31,ORD10234,1769758155,Atomic Habits (RO ed.),2,SKU-BK-001,completed,18.33,1
Fashion,web,BG,EUR,customer1353@example.com,1353,2026-08-31,ORD10234,1769758155,Running Shoes Pro,2,SKU-FA-003,completed,93.51,1
Home & Kitchen,web,BG,EUR,customer1353@example.com,1353,2026-08-31,ORD10234,1769758155,Air Fryer 5L,1,SKU-HK-003,completed,122.42,1
Fashion,web,RO,EUR,customer1048@example.com,1048,2026-08-31,ORD10235,2026-04-12T05:36:04,Women's Wool Coat,1,SKU-FA-002,refunded,152.95,1
Books,web,RO,EUR,customer726@example.com,726,2026-09-03,ORD10236,27/05/2026 21:49,Atomic Habits (RO ed.),1,SKU-BK-001,completed,18.93,1
Fashion,marketplace,BG,EUR,customer613@example.com,613,2026-08-23,ORD10237,02/06/2026 09:22,Men's Slim Fit Jeans,1,SKU-FA-001,completed,55.18,1
Sports,web,RO,EUR,customer871@example.com,871,2026-09-01,ORD10238,2026-04-03T11:30:00,Yoga Mat Premium,1,SKU-SP-001,completed,31.99,1
Sports,web,RO,EUR,customer871@example.com,871,2026-09-01,ORD10238,2026-04-03T11:30:00,Adjustable Dumbbell Set,1,SKU-SP-002,completed,182.39,1
Fashion,marketplace,DE,RON,customer1934@example.com,1934,2026-08-30,ORD10239,1782689115,Running Shoes Pro,1,SKU-FA-003,completed,83.67,1
Electronics,mobile_app,RO,EUR,customer1832@example.com,1832,2026-08-24,ORD10240,2026-02-25T01:07:23,USB-C Fast Charger 65W,1,SKU-EL-002,completed,35,1
Home & Kitchen,mobile_app,RO,EUR,customer1034@example.com,1034,2026-08-23,ORD10241,2026-05-28T21:40:49,Air Fryer 5L,1,SKU-HK-003,completed,126.05,1
Sports,mobile_app,RO,EUR,customer1034@example.com,1034,2026-08-23,ORD10241,2026-05-28T21:40:49,Adjustable Dumbbell Set,1,SKU-SP-002,completed,171.34,1
Electronics,web,RO,EUR,customer1168@example.com,1168,2026-08-26,ORD10242,2026-05-26T17:51:23,Wireless Earbuds X2,1,SKUEL001,completed,75.28,1
Electronics,web,DE,EUR,customer1913@example.com,1913,2026-08-29,ORD10243,2026-03-26T20:38:55,Bluetooth Speaker Mini,1,SKU-EL-003,completed,45.07,1
Books,web,RO,EUR,customer1259@example.com,1259,2026-08-27,ORD10244,2026-02-05T05:39:17,Atomic Habits (RO ed.),3,SKU-BK-001,completed,19.07,1
Home & Kitchen,web,RO,EUR,customer1259@example.com,1259,2026-08-27,ORD10244,2026-02-05T05:39:17,Non-stick Frying Pan 28cm,1,SKU-HK-002,completed,28.99,1
Sports,web,RO,EUR,customer1259@example.com,1259,2026-08-27,ORD10244,2026-02-05T05:39:17,Adjustable Dumbbell Set,1,SKU-SP-002,completed,190.46,1
Books,web,DE,EUR,customer1025@example.com,1025,2026-09-02,ORD10245,2026-01-28T15:28:42,Atomic Habits (RO ed.),1,SKU-BK-001,completed,21.24,1
Beauty,web,HU,EUR,customer514@example.com,514,2026-08-25,ORD10246,1773603517,Hair Dryer Ionic 2200W,1,SKU-BE-002,completed,68.93,1
Home & Kitchen,web,HU,EUR,customer514@example.com,514,2026-08-25,ORD10246,1773603517,Non-stick Frying Pan 28cm,1,SKU-HK-002,completed,26.05,1
Electronics,web,RO,RON,customer659@example.com,659,2026-09-01,ORD10247,1774939752,Wireless Earbuds X2,-1,SKU-EL-001,completed,72.06,1
Sports,mobile_app,BG,EUR,customer1334@example.com,,2026-08-25,ORD10248,1767744813,Yoga Mat Premium,2,SKU-SP-001,completed,31.09,1
Fashion,web,RO,EUR,customer454@example.com,454,2026-08-25,ORD10249,2026-05-28T06:29:52,Running Shoes Pro,2,SKU-FA-003,completed,85.12,1
Sports,web,RO,EUR,customer454@example.com,454,2026-08-25,ORD10249,2026-05-28T06:29:52,Yoga Mat Premium,1,SKU-SP-001,completed,34.37,1
Fashion,web,HU,EUR,customer134@example.com,134,2026-08-28,ORD10250,2026-05-25T20:29:17,Women's Wool Coat,1,SKU-FA-002,completed,150.16,1
Beauty,web,RO,EUR,customer1313@example.com,1313,2026-09-02,ORD10251,2026-05-07T05:21:34,Vitamin C Serum 30ml,1,SKU-BE-001,completed,24.16,1
Electronics,web,RO,EUR,customer1313@example.com,1313,2026-09-02,ORD10251,2026-05-07T05:21:34,4K Action Camera,1,SKU-EL-004,completed,188.83,1
Beauty,web,RO,EUR,customer404@example.com,404,2026-09-01,ORD10252,2026-03-02T08:27:37,Vitamin C Serum 30ml,2,SKU-BE-001,completed,23.73,1
Electronics,mobile_app,HU,EUR,customer1229@example.com,1229,2026-08-24,ORD10253,2026-05-29T08:57:26,USB-C Fast Charger 65W,1,SKU-EL-002,completed,36.9,1
Home & Kitchen,mobile_app,HU,EUR,customer1229@example.com,1229,2026-08-24,ORD10253,2026-05-29T08:57:26,Air Fryer 5L,1,SKU-HK-003,completed,120.41,1
Electronics,marketplace,RO,EUR,customer787@example.com,787,2026-08-30,ORD10254,1774408022,Wireless Earbuds X2,1,SKUEL001,completed,77.24,1
Electronics,mobile_app,RO,EUR,customer525@example.com,525,2026-08-24,ORD10255,04/04/2026 11:29,USB-C Fast Charger 65W,1,SKU-EL-002,completed,35.08,1
Fashion,marketplace,HU,RON,customer1236@example.com,1236,2026-08-26,ORD10256,1773413540,Men's Slim Fit Jeans,1,SKU-FA-001,completed,58.69,1
Beauty,marketplace,BG,EUR,customer1368@example.com,1368,2026-08-24,ORD10257,1778832765,Vitamin C Serum 30ml,1,SKU-BE-001,completed,24.58,1
Beauty,marketplace,BG,EUR,customer1368@example.com,1368,2026-08-24,ORD10257,1778832765,Vitamin C Serum 30ml,1,SKU-BE-001,completed,24.58,2
Home & Kitchen,web,DE,EUR,customer472@example.com,472,2026-08-30,ORD10258,2026-02-11T09:17:50,Non-stick Frying Pan 28cm,-2,SKU-HK-002,completed,25.69,1
Home & Kitchen,web,RO,EUR,customer738@example.com,738,2026-09-03,ORD10259,2026-01-06T18:20:41,Non-stick Frying Pan 28cm,1,SKU-HK-002,completed,28.81,1
Fashion,web,RO,EUR,customer1613@example.com,1613,2026-08-26,ORD10260,1772902729,Women's Wool Coat,1,SKU-FA-002,completed,141.35,1
Home & Kitchen,web,RO,EUR,customer1613@example.com,1613,2026-08-26,ORD10260,1772902729,Non-stick Frying Pan 28cm,3,SKU-HK-002,completed,31.34,1
Books,web,DE,EUR,customer1618@example.com,1618,2026-08-31,ORD10261,2026-02-17T23:54:12,The Pragmatic Programmer,1,SKU-BK-002,completed,40.32,1
Books,web,HU,EUR,customer1022@example.com,1022,2026-09-01,ORD10262,2026-02-04T18:11:36,The Pragmatic Programmer,1,SKU-BK-002,completed,44.71,1
Home & Kitchen,web,DE,EUR,customer448@example.com,448,2026-09-02,ORD10263,2026-06-22T13:41:01,Stainless Steel Kettle,2,SKU-HK-001,completed,40.28,1
Electronics,web,RO,EUR,customer753@example.com,753,2026-08-31,ORD10264,2026-03-03T13:25:20,Bluetooth Speaker Mini,3,SKU-EL-003,completed,46.99,1
Home & Kitchen,web,RO,EUR,customer753@example.com,753,2026-08-31,ORD10264,2026-03-03T13:25:20,Non-stick Frying Pan 28cm,1,SKU-HK-002,completed,27.55,1
Beauty,marketplace,RO,EUR,customer283@example.com,283,2026-08-25,ORD10265,27/05/2026 02:21,Hair Dryer Ionic 2200W,3,SKU-BE-002,refunded,69.18,1
Home & Kitchen,marketplace,RO,EUR,customer283@example.com,283,2026-08-25,ORD10265,27/05/2026 02:21,Air Fryer 5L,1,SKU-HK-003,refunded,109.14,1
Sports,marketplace,RO,EUR,customer283@example.com,283,2026-08-25,ORD10265,27/05/2026 02:21,Yoga Mat Premium,1,SKU-SP-001,refunded,33.43,1
Beauty,web,RO,EUR,customer285@example.com,285,2026-08-30,ORD10266,2026-01-25T22:08:02,Vitamin C Serum 30ml,1,SKU-BE-001,completed,24.62,1
Sports,marketplace,HU,EUR,customer285@example.com,285,2026-08-24,ORD10267,2026-03-06T03:04:44,Yoga Mat Premium,1,SKU-SP-001,completed,31.3,1
Home & Kitchen,marketplace,RO,RON,customer214@example.com,214,2026-09-01,ORD10268,2026-02-04T11:50:39,Stainless Steel Kettle,1,SKU-HK-001,refunded,46.11,1
Sports,marketplace,RO,RON,customer214@example.com,214,2026-09-01,ORD10268,2026-02-04T11:50:39,Yoga Mat Premium,1,SKU-SP-001,refunded,30.66,1
Home & Kitchen,mobile_app,RO,EUR,customer1783@example.com,1783,2026-08-28,ORD10269,25/03/2026 22:12,Air Fryer 5L,1,SKU HK 003,completed,123.4,1
Beauty,web,RO,EUR,customer1801@example.com,1801,2026-08-30,ORD10270,2026-03-31T20:19:01,Hair Dryer Ionic 2200W,2,SKU-BE-002,completed,67.75,1
Fashion,marketplace,RO,EUR,customer938@example.com,938,2026-09-01,ORD10271,2026-05-08T23:32:08,Men's Slim Fit Jeans,2,SKU-FA-001,completed,51.24,1
Beauty,web,RO,EUR,customer843@example.com,843,2026-08-31,ORD10272,2026-04-18T08:20:45,Vitamin C Serum 30ml,1,SKU-BE-001,completed,23.53,1
Fashion,web,RO,EUR,customer843@example.com,843,2026-08-31,ORD10272,2026-04-18T08:20:45,Men's Slim Fit Jeans,2,SKU-FA-001,completed,54.31,1
Home & Kitchen,web,RO,EUR,customer843@example.com,843,2026-08-31,ORD10272,2026-04-18T08:20:45,Air Fryer 5L,1,SKU-HK-003,completed,108,1
Home & Kitchen,web,BG,EUR,customer1519@example.com,1519,2026-08-31,ORD10273,16/01/2026 01:34,Non-stick Frying Pan 28cm,1,SKU-HK-002,completed,25.85,1
Home & Kitchen,web,HU,EUR,customer1838@example.com,1838,2026-08-31,ORD10274,2026-05-15T01:14:55,Air Fryer 5L,3,SKU-HK-003,refunded,116.02,1
Electronics,web,BG,EUR,customer452@example.com,452,2026-09-03,ORD10275,19/01/2026 18:12,4K Action Camera,1,SKU-EL-004,completed,193.79,1
Home & Kitchen,web,BG,EUR,customer452@example.com,452,2026-09-03,ORD10275,19/01/2026 18:12,Non-stick Frying Pan 28cm,2,SKU-HK-002,completed,27.99,1
Sports,web,BG,EUR,customer452@example.com,452,2026-09-03,ORD10275,19/01/2026 18:12,Adjustable Dumbbell Set,-1,SKU-SP-002,completed,180.39,1
Electronics,mobile_app,BG,EUR,customer516@example.com,516,2026-08-31,ORD10276,2026-04-27T11:35:00,Bluetooth Speaker Mini,2,SKU-EL-003,completed,50.17,1
Home & Kitchen,mobile_app,BG,EUR,customer516@example.com,516,2026-08-31,ORD10276,2026-04-27T11:35:00,Stainless Steel Kettle,1,SKU-HK-001,completed,45.23,1
Home & Kitchen,mobile_app,BG,EUR,customer516@example.com,516,2026-08-31,ORD10276,2026-04-27T11:35:00,Non-stick Frying Pan 28cm,1,SKU-HK-002,completed,26.97,1
Electronics,web,RO,EUR,customer1225@example.com,1225,2026-08-27,ORD10277,28/03/2026 03:54,USB-C Fast Charger 65W,3,SKU-EL-002,completed,35.52,1
Fashion,web,RO,EUR,customer1225@example.com,1225,2026-08-27,ORD10277,28/03/2026 03:54,Women's Wool Coat,1,SKU-FA-002,completed,137.7,1
Sports,web,RO,EUR,customer1225@example.com,1225,2026-08-27,ORD10277,28/03/2026 03:54,Yoga Mat Premium,1,SKU-SP-001,completed,30.03,1
Home & Kitchen,web,RO,EUR,customer484@example.com,484,2026-09-01,ORD10278,24/03/2026 18:25,Non-stick Frying Pan 28cm,1,SKU-HK-002,completed,27.38,1
Books,marketplace,BG,RON,customer774@example.com,774,2026-08-26,ORD10279,2026-03-27T16:57:41,The Pragmatic Programmer,1,SKU-BK-002,completed,42.96,1
Books,marketplace,RO,RON,customer950@example.com,950,2026-08-27,ORD10280,2026-02-24T23:55:39,The Pragmatic Programmer,-1,SKU-BK-002,completed,47.66,1
Electronics,marketplace,RO,RON,customer1521@example.com,1521,2026-08-23,ORD10281,2026-04-06T01:28:24,4K Action Camera,1,SKU-EL-004,completed,191.48,1
Beauty,mobile_app,BG,EUR,customer1411@example.com,1411,2026-08-28,ORD10282,12/01/2026 04:55,Hair Dryer Ionic 2200W,1,SKU-BE-002,completed,67.29,1
Electronics,web,BG,EUR,customer1950@example.com,1950,2026-08-27,ORD10283,2026-02-01T08:18:22,Bluetooth Speaker Mini,3,SKU-EL-003,completed,52.68,1
Fashion,web,BG,EUR,customer1950@example.com,1950,2026-08-27,ORD10283,2026-02-01T08:18:22,Women's Wool Coat,2,SKU-FA-002,completed,152.32,1
Beauty,web,RO,RON,customer430@example.com,430,2026-08-30,ORD10284,19/03/2026 06:40,Hair Dryer Ionic 2200W,1,SKU-BE-002,completed,70.37,1
Electronics,web,RO,RON,customer430@example.com,430,2026-08-30,ORD10284,19/03/2026 06:40,Bluetooth Speaker Mini,1,SKU-EL-003,completed,48.19,1
Sports,web,RO,RON,customer430@example.com,430,2026-08-30,ORD10284,19/03/2026 06:40,Yoga Mat Premium,1,SKU-SP-001,completed,32.43,1
Electronics,web,RO,EUR,customer481@example.com,481,2026-09-03,ORD10285,11/05/2026 15:29,USB-C Fast Charger 65W,-1,SKU-EL-002,completed,34.65,1
Sports,web,DE,EUR,customer880@example.com,880,2026-08-30,ORD10286,1778665312,Yoga Mat Premium,1,SKU-SP-001,completed,29.17,1
Books,web,BG,EUR,customer285@example.com,285,2026-08-31,ORD10287,1769287428,Atomic Habits (RO ed.),1,SKU-BK-001,completed,20.63,1
Electronics,mobile_app,RO,EUR,customer738@example.com,738,2026-08-29,ORD10288,06/06/2026 19:29,Bluetooth Speaker Mini,1,SKU-EL-003,completed,53.23,1
Home & Kitchen,mobile_app,RO,EUR,customer738@example.com,738,2026-08-29,ORD10288,06/06/2026 19:29,Non-stick Frying Pan 28cm,1,SKU-HK-002,completed,28.61,1
Electronics,mobile_app,RO,EUR,customer1124@example.com,1124,2026-08-31,ORD10289,2026-04-01T15:27:35,Bluetooth Speaker Mini,1,SKU-EL-003,completed,52.65,1
Electronics,mobile_app,RO,EUR,customer1124@example.com,1124,2026-08-31,ORD10289,2026-04-01T15:27:35,4K Action Camera,1,SKU-EL-004,completed,179.84,1
Fashion,mobile_app,RO,EUR,customer1124@example.com,1124,2026-08-31,ORD10289,2026-04-01T15:27:35,Men's Slim Fit Jeans,2,SKU-FA-001,completed,56.76,1
Electronics,mobile_app,DE,EUR,customer782@example.com,782,2026-08-31,ORD10290,2026-06-02T10:44:48,USB-C Fast Charger 65W,1,SKU-EL-002,completed,35.12,1
Fashion,mobile_app,DE,EUR,customer782@example.com,782,2026-08-31,ORD10290,2026-06-02T10:44:48,Running Shoes Pro,1,SKU-FA-003,completed,87.03,1
Fashion,web,HU,EUR,customer1360@example.com,1360,2026-08-24,ORD10291,2026-02-13T03:15:16,Running Shoes Pro,1,SKU-FA-003,completed,93.14,1
Sports,web,HU,EUR,customer1360@example.com,1360,2026-08-24,ORD10291,2026-02-13T03:15:16,Adjustable Dumbbell Set,1,SKU-SP-002,completed,167.07,1
Home & Kitchen,web,BG,EUR,customer1660@example.com,1660,2026-08-27,ORD10292,10/06/2026 18:13,Non-stick Frying Pan 28cm,2,SKU-HK-002,completed,29.8,1
Home & Kitchen,web,HU,EUR,customer970@example.com,970,2026-09-02,ORD10293,2026-05-28T03:12:14,Air Fryer 5L,1,SKU HK 003,completed,109.42,1
Beauty,web,HU,EUR,customer970@example.com,970,2026-09-02,ORD10293,2026-05-28T03:12:14,Hair Dryer Ionic 2200W,1,SKU-BE-002,completed,64.77,1
Sports,web,HU,EUR,customer970@example.com,970,2026-09-02,ORD10293,2026-05-28T03:12:14,Adjustable Dumbbell Set,1,SKU-SP-002,completed,184.99,1
Home & Kitchen,marketplace,BG,EUR,customer971@example.com,971,2026-08-24,ORD10294,2026-01-11T04:32:16,Stainless Steel Kettle,1,SKU-HK-001,completed,41.19,1
Books,mobile_app,DE,EUR,customer1417@example.com,1417,2026-08-23,ORD10295,11/05/2026 05:51,Atomic Habits (RO ed.),1,SKU-BK-001,completed,18.32,1
Electronics,mobile_app,DE,EUR,customer1417@example.com,1417,2026-08-23,ORD10295,11/05/2026 05:51,Wireless Earbuds X2,3,SKU-EL-001,completed,84.71,1
Home & Kitchen,mobile_app,DE,EUR,customer1417@example.com,1417,2026-08-23,ORD10295,11/05/2026 05:51,Non-stick Frying Pan 28cm,2,SKU-HK-002,completed,30.18,1
Electronics,web,DE,EUR,customer1198@example.com,1198,2026-08-29,ORD10296,09/06/2026 00:00,4K Action Camera,1,SKU-EL-004,completed,192.75,1
Home & Kitchen,web,HU,EUR,customer1152@example.com,1152,2026-08-25,ORD10297,2026-05-27T05:33:16,Non-stick Frying Pan 28cm,-1,SKU-HK-002,completed,31.04,1
Electronics,web,HU,EUR,customer1182@example.com,1182,2026-09-01,ORD10298,2026-03-02T18:23:15,4K Action Camera,1,SKU-EL-004,completed,171.79,1
Home & Kitchen,marketplace,RO,EUR,customer569@example.com,569,2026-08-30,ORD10299,2026-05-01T20:11:15,Non-stick Frying Pan 28cm,1,SKU-HK-002,completed,26.12,1
Sports,marketplace,HU,EUR,customer1428@example.com,,2026-09-02,ORD10300,2026-05-19T17:33:17,Yoga Mat Premium,1,SKU-SP-001,completed,30.93,1
Beauty,marketplace,HU,EUR,customer1428@example.com,1428,2026-09-02,ORD10300,2026-05-19T17:33:17,Vitamin C Serum 30ml,1,SKU-BE-001,completed,22.62,1
Beauty,web,HU,EUR,customer216@example.com,216,2026-08-26,ORD10301,2026-01-24T23:34:04,Hair Dryer Ionic 2200W,1,SKU-BE-002,completed,62.17,1
Books,web,HU,EUR,customer216@example.com,216,2026-08-26,ORD10301,2026-01-24T23:34:04,The Pragmatic Programmer,1,SKU-BK-002,completed,46.54,1
Beauty,web,RO,EUR,customer1347@example.com,1347,2026-09-01,ORD10302,2026-03-15T13:20:20,Hair Dryer Ionic 2200W,2,SKU-BE-002,completed,61.74,1
Fashion,web,RO,RON,customer877@example.com,877,2026-08-30,ORD10303,1779279472,Running Shoes Pro,1,SKU-FA-003,completed,86.53,1
Books,mobile_app,BG,EUR,customer1010@example.com,1010,2026-08-24,ORD10304,1767405026,The Pragmatic Programmer,1,SKU-BK-002,completed,48.38,1
Fashion,mobile_app,BG,EUR,customer1010@example.com,1010,2026-08-24,ORD10304,1767405026,Men's Slim Fit Jeans,2,SKU-FA-001,completed,57.75,1
Home & Kitchen,marketplace,RO,EUR,customer1244@example.com,1244,2026-09-01,ORD10305,02/02/2026 17:25,Stainless Steel Kettle,1,SKU-HK-001,completed,45.8,1
Electronics,web,RO,EUR,customer1570@example.com,1570,2026-08-24,ORD10306,2026-02-26T07:47:58,4K Action Camera,1,SKU-EL-004,completed,187.5,1
Electronics,web,RO,EUR,customer1570@example.com,1570,2026-08-24,ORD10306,2026-02-26T07:47:58,4K Action Camera,1,SKU-EL-004,completed,187.5,2
Sports,web,RO,EUR,customer1570@example.com,1570,2026-08-24,ORD10306,2026-02-26T07:47:58,Yoga Mat Premium,3,SKU-SP-001,completed,34.75,1
Fashion,mobile_app,RO,RON,customer405@example.com,405,2026-09-02,ORD10307,1775854434,Women's Wool Coat,1,SKU-FA-002,completed,141.97,1
Fashion,web,DE,RON,customer332@example.com,332,2026-08-27,ORD10308,2026-05-26T01:41:48,Running Shoes Pro,1,SKU-FA-003,completed,88,1
Sports,web,DE,EUR,customer1127@example.com,1127,2026-08-25,ORD10309,13/05/2026 09:07,Yoga Mat Premium,1,SKU-SP-001,completed,34.93,1
Electronics,mobile_app,RO,RON,customer880@example.com,880,2026-08-25,ORD10310,2026-05-24T04:40:48,4K Action Camera,2,SKU-EL-004,completed,200.72,1
Fashion,mobile_app,RO,RON,customer880@example.com,880,2026-08-25,ORD10310,2026-05-24T04:40:48,Running Shoes Pro,1,SKU-FA-003,completed,81.6,1
Sports,mobile_app,RO,RON,customer880@example.com,880,2026-08-25,ORD10310,2026-05-24T04:40:48,Adjustable Dumbbell Set,1,SKU-SP-002,completed,175.39,1
Fashion,mobile_app,RO,EUR,customer1298@example.com,,2026-09-02,ORD10311,2026-02-13T01:32:51,Running Shoes Pro,1,SKU-FA-003,completed,97.87,1
Electronics,mobile_app,RO,EUR,customer1298@example.com,1298,2026-09-02,ORD10311,2026-02-13T01:32:51,USB-C Fast Charger 65W,1,SKU-EL-002,completed,35.24,1
Home & Kitchen,mobile_app,RO,EUR,customer1298@example.com,1298,2026-09-02,ORD10311,2026-02-13T01:32:51,Stainless Steel Kettle,2,SKU-HK-001,completed,38.89,1
Home & Kitchen,marketplace,RO,EUR,customer1197@example.com,1197,2026-08-28,ORD10312,2026-06-22T06:37:22,Air Fryer 5L,1,SKU-HK-003,refunded,117.71,1
Beauty,web,DE,EUR,customer315@example.com,315,2026-08-29,ORD10313,2026-02-07T05:25:05,Hair Dryer Ionic 2200W,2,SKU-BE-002,completed,64.33,1
Sports,marketplace,RO,EUR,customer1228@example.com,1228,2026-08-27,ORD10314,2026-01-26T00:52:37,Yoga Mat Premium,1,SKU-SP-001,completed,32.21,1
Books,marketplace,BG,EUR,customer424@example.com,424,2026-09-01,ORD10315,2026-02-01T01:40:05,Atomic Habits (RO ed.),1,SKU-BK-001,refunded,20.87,1
Fashion,web,RO,EUR,customer1093@example.com,1093,2026-08-28,ORD10316,08/01/2026 14:10,Men's Slim Fit Jeans,3,SKU-FA-001,completed,51.81,1
Electronics,web,RO,EUR,customer541@example.com,541,2026-08-23,ORD10317,1774076456,Wireless Earbuds X2,1,SKU-EL-001,completed,83.68,1
Sports,web,RO,EUR,customer541@example.com,541,2026-08-23,ORD10317,1774076456,Adjustable Dumbbell Set,1,SKU-SP-002,completed,190.6,1
Books,mobile_app,RO,EUR,customer1290@example.com,1290,2026-09-02,ORD10318,2026-05-27T04:45:27,Atomic Habits (RO ed.),1,SKU-BK-001,completed,21.53,1
Home & Kitchen,mobile_app,RO,EUR,customer1290@example.com,1290,2026-09-02,ORD10318,2026-05-27T04:45:27,Stainless Steel Kettle,1,SKU-HK-001,completed,41.97,1
Electronics,web,HU,EUR,customer825@example.com,825,2026-09-03,ORD10319,2026-04-13T06:57:57,4K Action Camera,2,SKU-EL-004,completed,198.96,1
Books,web,DE,EUR,customer1980@example.com,1980,2026-08-30,ORD10320,2026-06-03T17:24:22,The Pragmatic Programmer,2,SKU-BK-002,completed,47.45,1
Books,web,HU,EUR,customer44@example.com,44,2026-08-26,ORD10321,2026-01-20T23:09:14,Atomic Habits (RO ed.),1,SKU-BK-001,completed,21.95,1
Electronics,web,HU,EUR,customer44@example.com,44,2026-08-26,ORD10321,2026-01-20T23:09:14,Wireless Earbuds X2,1,SKU-EL-001,completed,75.62,1
Electronics,mobile_app,HU,RON,customer174@example.com,174,2026-08-31,ORD10322,2026-04-28T09:12:14,Bluetooth Speaker Mini,3,SKU-EL-003,completed,51.93,1
Sports,mobile_app,HU,RON,customer174@example.com,174,2026-08-31,ORD10322,2026-04-28T09:12:14,Adjustable Dumbbell Set,2,SKU-SP-002,completed,181.55,1
Electronics,web,HU,EUR,customer1632@example.com,1632,2026-08-31,ORD10323,03/04/2026 21:39,USB-C Fast Charger 65W,1,SKU-EL-002,completed,37.56,1
Home & Kitchen,web,HU,EUR,customer1632@example.com,1632,2026-08-31,ORD10323,03/04/2026 21:39,Stainless Steel Kettle,1,SKU-HK-001,completed,38.87,1
Home & Kitchen,web,BG,EUR,customer172@example.com,172,2026-08-23,ORD10324,2026-03-23T21:55:13,Air Fryer 5L,3,SKU HK 003,completed,107.51,1
Home & Kitchen,mobile_app,RO,EUR,customer604@example.com,604,2026-08-23,ORD10325,1781238808,Stainless Steel Kettle,1,SKU-HK-001,completed,43.64,1
Electronics,web,RO,EUR,customer977@example.com,977,2026-08-23,ORD10326,2026-06-19T00:43:00,Wireless Earbuds X2,2,SKU-EL-001,completed,78.65,1
Fashion,web,RO,EUR,customer977@example.com,977,2026-08-23,ORD10326,2026-06-19T00:43:00,Running Shoes Pro,1,SKU-FA-003,completed,81.15,1
Books,web,HU,EUR,customer1942@example.com,1942,2026-09-01,ORD10327,18/04/2026 14:33,Atomic Habits (RO ed.),2,SKU-BK-001,completed,20.23,1
Sports,web,HU,EUR,customer1942@example.com,1942,2026-09-01,ORD10327,18/04/2026 14:33,Adjustable Dumbbell Set,1,SKU-SP-002,completed,191.56,1
Beauty,web,RO,EUR,customer1646@example.com,1646,2026-08-30,ORD10328,2026-03-24T09:01:02,Vitamin C Serum 30ml,1,SKU-BE-001,completed,23.9,1
Electronics,marketplace,RO,EUR,customer67@example.com,67,2026-09-03,ORD10329,1768652323,USB-C Fast Charger 65W,1,SKU-EL-002,completed,31.69,1
Electronics,web,RO,EUR,customer729@example.com,729,2026-09-03,ORD10330,17/05/2026 10:37,Wireless Earbuds X2,1,SKU-EL-001,completed,75.44,1
Fashion,web,RO,EUR,customer729@example.com,729,2026-09-03,ORD10330,17/05/2026 10:37,Running Shoes Pro,2,SKU-FA-003,completed,88.96,1
Home & Kitchen,web,RO,EUR,customer729@example.com,729,2026-09-03,ORD10330,17/05/2026 10:37,Stainless Steel Kettle,2,SKU-HK-001,completed,41.81,1
Fashion,mobile_app,RO,RON,customer1251@example.com,1251,2026-09-01,ORD10331,2026-01-30T14:14:31,Women's Wool Coat,1,SKU-FA-002,completed,151.11,1
Fashion,mobile_app,RO,RON,customer1251@example.com,1251,2026-09-01,ORD10331,2026-01-30T14:14:31,Running Shoes Pro,2,SKU-FA-003,completed,95.25,1
Home & Kitchen,web,RO,EUR,customer1991@example.com,1991,2026-08-26,ORD10332,2026-01-08T16:30:54,Stainless Steel Kettle,1,SKU-HK-001,completed,42.1,1
Electronics,web,BG,RON,customer88@example.com,88,2026-08-29,ORD10333,2026-05-06T00:38:12,4K Action Camera,1,SKU-EL-004,completed,191.65,1
Home & Kitchen,web,BG,RON,customer88@example.com,88,2026-08-29,ORD10333,2026-05-06T00:38:12,Stainless Steel Kettle,2,SKU-HK-001,completed,38.72,1
Electronics,mobile_app,RO,RON,customer702@example.com,702,2026-08-31,ORD10334,2026-04-05T10:17:56,Bluetooth Speaker Mini,1,SKU-EL-003,completed,51.08,1
Fashion,mobile_app,RO,RON,customer702@example.com,702,2026-08-31,ORD10334,2026-04-05T10:17:56,Men's Slim Fit Jeans,1,SKU-FA-001,completed,59.05,1
Home & Kitchen,mobile_app,RO,RON,customer702@example.com,702,2026-08-31,ORD10334,2026-04-05T10:17:56,Stainless Steel Kettle,1,SKU-HK-001,completed,40.49,1
Home & Kitchen,web,RO,EUR,customer701@example.com,701,2026-09-02,ORD10335,2026-02-27T15:40:39,Air Fryer 5L,2,SKU HK 003,completed,109.8,1
Beauty,web,RO,EUR,customer701@example.com,701,2026-09-02,ORD10335,2026-02-27T15:40:39,Hair Dryer Ionic 2200W,1,SKU-BE-002,completed,71.32,1
Home & Kitchen,web,RO,EUR,customer701@example.com,701,2026-09-02,ORD10335,2026-02-27T15:40:39,Non-stick Frying Pan 28cm,1,SKU-HK-002,completed,29.6,1
Sports,web,RO,EUR,customer1986@example.com,1986,2026-09-02,ORD10336,2026-01-08T02:02:13,Yoga Mat Premium,1,SKU-SP-001,completed,30.14,1
Fashion,mobile_app,RO,EUR,customer1678@example.com,1678,2026-08-25,ORD10337,2026-05-16T19:03:14,Women's Wool Coat,1,SKU-FA-002,completed,150.23,1
Sports,mobile_app,RO,EUR,customer1678@example.com,1678,2026-08-25,ORD10337,2026-05-16T19:03:14,Adjustable Dumbbell Set,3,SKU-SP-002,completed,169.25,1
Beauty,web,RO,EUR,customer184@example.com,184,2026-08-31,ORD10338,1777564733,Vitamin C Serum 30ml,1,SKU-BE-001,completed,23.11,1
Electronics,web,RO,EUR,customer184@example.com,184,2026-08-31,ORD10338,1777564733,4K Action Camera,1,SKU-EL-004,completed,192.07,1
Sports,web,RO,EUR,customer1602@example.com,1602,2026-08-24,ORD10339,2026-02-25T01:41:32,Adjustable Dumbbell Set,1,SKU-SP-002,completed,157.65,1
Sports,web,HU,RON,customer651@example.com,651,2026-09-03,ORD10340,1776825312,Yoga Mat Premium,2,SKU-SP-001,completed,33.93,1
Fashion,marketplace,RO,EUR,customer896@example.com,896,2026-09-01,ORD10341,18/05/2026 20:57,Women's Wool Coat,2,SKU-FA-002,completed,135.11,1
Beauty,web,BG,EUR,customer1114@example.com,1114,2026-08-27,ORD10342,2026-01-16T07:06:23,Hair Dryer Ionic 2200W,1,SKU-BE-002,completed,61.38,1
Electronics,web,BG,EUR,customer1114@example.com,1114,2026-08-27,ORD10342,2026-01-16T07:06:23,Bluetooth Speaker Mini,1,SKU-EL-003,completed,45.51,1
Electronics,web,BG,EUR,customer1114@example.com,1114,2026-08-27,ORD10342,2026-01-16T07:06:23,4K Action Camera,1,SKU-EL-004,completed,176.93,1
Books,mobile_app,RO,EUR,customer997@example.com,997,2026-08-31,ORD10343,2026-01-15T19:38:34,Atomic Habits (RO ed.),1,SKU-BK-001,completed,18.03,1
Electronics,mobile_app,RO,EUR,customer997@example.com,997,2026-08-31,ORD10343,2026-01-15T19:38:34,Bluetooth Speaker Mini,1,SKU-EL-003,completed,52.6,1
Sports,mobile_app,RO,EUR,customer997@example.com,997,2026-08-31,ORD10343,2026-01-15T19:38:34,Yoga Mat Premium,1,SKU-SP-001,completed,32.3,1
Books,marketplace,BG,EUR,customer987@example.com,987,2026-08-23,ORD10344,2026-01-18T20:36:37,The Pragmatic Programmer,1,SKU-BK-002,completed,47.93,1
Fashion,web,BG,EUR,customer1625@example.com,1625,2026-08-24,ORD10345,2026-03-02T12:05:31,Running Shoes Pro,1,SKU-FA-003,completed,81.52,1
Sports,web,BG,EUR,customer1625@example.com,1625,2026-08-24,ORD10345,2026-03-02T12:05:31,Adjustable Dumbbell Set,2,SKU-SP-002,completed,186.06,1
Beauty,web,RO,EUR,internal.tester369@aqurate.ai,369,2026-08-24,ORD10346,25/03/2026 09:05,Hair Dryer Ionic 2200W,2,SKU-BE-002,test,60.09,1
Electronics,web,RO,EUR,internal.tester369@aqurate.ai,369,2026-08-24,ORD10346,25/03/2026 09:05,Bluetooth Speaker Mini,1,SKU-EL-003,test,47.88,1
Beauty,mobile_app,BG,EUR,customer1762@example.com,1762,2026-08-23,ORD10347,1776854856,Vitamin C Serum 30ml,1,SKU-BE-001,completed,26.5,1
Electronics,mobile_app,BG,EUR,customer1762@example.com,1762,2026-08-23,ORD10347,1776854856,4K Action Camera,1,SKU-EL-004,completed,180.87,1
Sports,web,RO,EUR,customer1835@example.com,1835,2026-08-25,ORD10348,2026-04-13T10:23:31,Adjustable Dumbbell Set,2,SKU-SP-002,completed,167.11,1
Electronics,web,DE,EUR,customer931@example.com,931,2026-08-31,ORD10349,1777981425,Wireless Earbuds X2,1,SKU-EL-001,completed,85.2,1
Books,web,RO,RON,customer1672@example.com,1672,2026-08-30,ORD10350,1767308502,The Pragmatic Programmer,1,SKU-BK-002,completed,42.07,1
Electronics,web,RO,RON,customer1672@example.com,1672,2026-08-30,ORD10350,1767308502,USB-C Fast Charger 65W,1,SKU-EL-002,completed,35.8,1
Home & Kitchen,web,RO,RON,customer1672@example.com,1672,2026-08-30,ORD10350,1767308502,Stainless Steel Kettle,1,SKU-HK-001,completed,42.71,1
Beauty,web,RO,RON,customer497@example.com,497,2026-08-23,ORD10351,1779561354,Vitamin C Serum 30ml,1,SKU-BE-001,completed,23.26,1
Electronics,web,RO,RON,customer497@example.com,497,2026-08-23,ORD10351,1779561354,Wireless Earbuds X2,1,SKU-EL-001,completed,85.09,1
Electronics,web,BG,EUR,customer1598@example.com,1598,2026-09-03,ORD10352,2026-01-14T07:52:56,4K Action Camera,1,SKU-EL-004,completed,203.22,1
Beauty,mobile_app,RO,EUR,customer544@example.com,544,2026-08-30,ORD10353,2026-04-17T20:36:13,Vitamin C Serum 30ml,1,SKU-BE-001,completed,23.85,1
Electronics,web,BG,RON,customer1085@example.com,1085,2026-09-02,ORD10354,2026-04-11T16:56:13,Wireless Earbuds X2,1,SKU-EL-001,completed,85.17,1
Electronics,web,BG,RON,customer1085@example.com,1085,2026-09-02,ORD10354,2026-04-11T16:56:13,4K Action Camera,2,SKU-EL-004,completed,191.84,1
Books,web,DE,EUR,customer1031@example.com,,2026-08-31,ORD10355,2026-05-01T19:16:53,The Pragmatic Programmer,-1,SKU-BK-002,completed,46.29,1
Beauty,web,DE,EUR,customer1031@example.com,1031,2026-08-31,ORD10355,2026-05-01T19:16:53,Vitamin C Serum 30ml,1,SKU-BE-001,completed,24.15,1
Electronics,web,DE,EUR,customer1031@example.com,1031,2026-08-31,ORD10355,2026-05-01T19:16:53,USB-C Fast Charger 65W,1,SKU-EL-002,completed,35.74,1
Books,marketplace,RO,EUR,customer688@example.com,688,2026-08-23,ORD10356,2026-05-23T16:29:10,Atomic Habits (RO ed.),1,SKU-BK-001,completed,19.4,1
Beauty,mobile_app,DE,EUR,customer1405@example.com,1405,2026-08-24,ORD10357,2026-05-05T05:41:08,Hair Dryer Ionic 2200W,1,SKU-BE-002,completed,61.68,1
Beauty,mobile_app,HU,EUR,customer1978@example.com,1978,2026-08-26,ORD10358,02/05/2026 17:31,Hair Dryer Ionic 2200W,2,SKU-BE-002,completed,63.58,1
Fashion,web,RO,RON,customer888@example.com,888,2026-08-26,ORD10359,1776732617,Men's Slim Fit Jeans,1,SKU-FA-001,completed,58.58,1
Home & Kitchen,web,RO,RON,customer888@example.com,888,2026-08-26,ORD10359,1776732617,Stainless Steel Kettle,1,SKU-HK-001,completed,42.19,1
Home & Kitchen,marketplace,RO,EUR,customer1800@example.com,1800,2026-09-03,ORD10360,2026-06-16T19:16:45,Stainless Steel Kettle,3,SKU-HK-001,completed,39.45,1
Sports,web,RO,RON,customer866@example.com,866,2026-08-25,ORD10361,2026-06-25T13:42:15,Adjustable Dumbbell Set,1,SKU-SP-002,completed,168.79,1
Fashion,mobile_app,DE,EUR,customer1161@example.com,1161,2026-09-03,ORD10362,2026-03-31T13:08:06,Men's Slim Fit Jeans,2,SKU-FA-001,completed,59.16,1
Fashion,mobile_app,DE,EUR,customer1161@example.com,1161,2026-09-03,ORD10362,2026-03-31T13:08:06,Women's Wool Coat,1,SKU-FA-002,completed,152.74,1
Home & Kitchen,mobile_app,DE,EUR,customer1161@example.com,1161,2026-09-03,ORD10362,2026-03-31T13:08:06,Stainless Steel Kettle,1,SKU-HK-001,completed,42.03,1
Books,web,RO,EUR,customer1719@example.com,1719,2026-08-27,ORD10363,2026-01-11T14:53:12,The Pragmatic Programmer,1,SKU-BK-002,completed,47.21,1
Electronics,web,RO,EUR,customer1981@example.com,1981,2026-08-29,ORD10364,1770976038,Wireless Earbuds X2,2,SKU-EL-001,completed,81.97,1
Fashion,web,RO,RON,customer1036@example.com,1036,2026-09-02,ORD10365,1768159305,Men's Slim Fit Jeans,2,SKU-FA-001,completed,55.51,1
Electronics,marketplace,RO,EUR,customer1677@example.com,1677,2026-08-27,ORD10366,2026-02-16T17:39:32,4K Action Camera,1,SKU-EL-004,completed,195.34,1
Fashion,marketplace,RO,EUR,customer1677@example.com,1677,2026-08-27,ORD10366,2026-02-16T17:39:32,Running Shoes Pro,1,SKU-FA-003,completed,81.11,1
Beauty,web,HU,EUR,customer1481@example.com,1481,2026-08-25,ORD10367,1767378609,Hair Dryer Ionic 2200W,3,SKU-BE-002,completed,65.33,1
Sports,mobile_app,RO,EUR,customer287@example.com,287,2026-09-03,ORD10368,29/05/2026 02:00,Yoga Mat Premium,3,SKU-SP-001,completed,32.68,1
Fashion,web,RO,EUR,customer1190@example.com,1190,2026-08-25,ORD10369,30/04/2026 21:38,Men's Slim Fit Jeans,1,SKU-FA-001,refunded,50.67,1
Electronics,mobile_app,DE,EUR,customer485@example.com,485,2026-08-25,ORD10370,2026-06-21T00:37:03,USB-C Fast Charger 65W,1,SKU-EL-002,completed,31.84,1
Books,marketplace,HU,EUR,customer1431@example.com,1431,2026-08-25,ORD10371,1769460604,Atomic Habits (RO ed.),1,SKU-BK-001,completed,18.89,1
Electronics,web,RO,EUR,customer198@example.com,198,2026-09-02,ORD10372,2026-06-07T06:54:53,Bluetooth Speaker Mini,1,SKU-EL-003,completed,50.79,1
Electronics,web,RO,EUR,customer731@example.com,731,2026-08-26,ORD10373,1776598985,Bluetooth Speaker Mini,1,SKU-EL-003,completed,51.77,1
Fashion,web,RO,EUR,customer731@example.com,731,2026-08-26,ORD10373,1776598985,Running Shoes Pro,3,SKU-FA-003,completed,85.43,1
Fashion,web,HU,EUR,customer1025@example.com,1025,2026-09-01,ORD10374,2026-05-01T03:05:39,Women's Wool Coat,1,SKU-FA-002,completed,131.44,1
Electronics,mobile_app,RO,EUR,customer1552@example.com,1552,2026-08-30,ORD10375,2026-06-20T13:02:08,USB-C Fast Charger 65W,3,SKU-EL-002,completed,37.6,1
Home & Kitchen,mobile_app,RO,EUR,customer1552@example.com,1552,2026-08-30,ORD10375,2026-06-20T13:02:08,Non-stick Frying Pan 28cm,1,SKU-HK-002,completed,28.54,1
Books,mobile_app,BG,RON,customer1585@example.com,1585,2026-09-01,ORD10376,2026-02-08T02:14:18,The Pragmatic Programmer,1,SKU-BK-002,completed,42.92,1
Electronics,mobile_app,BG,RON,customer1585@example.com,1585,2026-09-01,ORD10376,2026-02-08T02:14:18,Wireless Earbuds X2,1,SKUEL001,completed,77.48,1
Books,web,DE,RON,customer94@example.com,94,2026-08-27,ORD10377,1767475556,Atomic Habits (RO ed.),1,SKU-BK-001,completed,19.39,1
Electronics,web,DE,RON,customer94@example.com,94,2026-08-27,ORD10377,1767475556,Bluetooth Speaker Mini,1,SKU-EL-003,completed,49.43,1
Home & Kitchen,web,DE,RON,customer94@example.com,94,2026-08-27,ORD10377,1767475556,Stainless Steel Kettle,2,SKU-HK-001,completed,40.26,1
Beauty,web,RO,EUR,customer1445@example.com,1445,2026-08-26,ORD10378,2026-04-05T09:53:31,Hair Dryer Ionic 2200W,1,SKU-BE-002,completed,62.11,1
Fashion,web,RO,EUR,customer1445@example.com,1445,2026-08-26,ORD10378,2026-04-05T09:53:31,Women's Wool Coat,1,SKU-FA-002,completed,131.79,1
Fashion,web,RO,EUR,customer1445@example.com,1445,2026-08-26,ORD10378,2026-04-05T09:53:31,Running Shoes Pro,1,SKU-FA-003,completed,87.61,1
Beauty,web,DE,EUR,customer54@example.com,54,2026-08-27,ORD10379,1779883641,Hair Dryer Ionic 2200W,-3,SKU-BE-002,completed,60.21,1
Home & Kitchen,web,DE,EUR,customer54@example.com,54,2026-08-27,ORD10379,1779883641,Non-stick Frying Pan 28cm,2,SKU-HK-002,completed,31,1
Electronics,web,DE,EUR,customer54@example.com,54,2026-08-27,ORD10379,1779883641,Wireless Earbuds X2,2,SKUEL001,completed,78.94,1
Electronics,web,DE,EUR,customer809@example.com,809,2026-08-30,ORD10380,2026-02-23T06:11:25,Wireless Earbuds X2,1,SKU-EL-001,completed,81.08,1
Electronics,web,RO,EUR,customer1730@example.com,1730,2026-08-29,ORD10381,2026-03-21T08:15:53,Bluetooth Speaker Mini,1,SKU-EL-003,completed,46.63,1
Fashion,marketplace,DE,EUR,customer477@example.com,477,2026-08-26,ORD10382,2026-01-08T11:25:52,Men's Slim Fit Jeans,1,SKU-FA-001,completed,57.36,1
Beauty,marketplace,RO,EUR,customer717@example.com,717,2026-08-23,ORD10383,2026-04-09T10:30:07,Hair Dryer Ionic 2200W,2,SKU-BE-002,completed,67.35,1
Books,web,HU,EUR,customer1838@example.com,1838,2026-08-30,ORD10384,1775122384,Atomic Habits (RO ed.),3,SKU-BK-001,refunded,19.51,1
Fashion,web,HU,EUR,customer1838@example.com,1838,2026-08-30,ORD10384,1775122384,Running Shoes Pro,1,SKU-FA-003,refunded,91.54,1
Electronics,marketplace,BG,EUR,customer1964@example.com,1964,2026-09-03,ORD10385,2026-02-13T14:37:24,4K Action Camera,2,SKU-EL-004,completed,193.05,1
Fashion,marketplace,BG,EUR,customer1964@example.com,1964,2026-09-03,ORD10385,2026-02-13T14:37:24,Women's Wool Coat,1,SKU-FA-002,completed,146.75,1
Sports,marketplace,BG,EUR,customer1964@example.com,1964,2026-09-03,ORD10385,2026-02-13T14:37:24,Adjustable Dumbbell Set,2,SKU-SP-002,completed,191.71,1
Fashion,mobile_app,BG,RON,customer257@example.com,257,2026-09-02,ORD10386,17/02/2026 13:31,Women's Wool Coat,1,SKU-FA-002,completed,133.92,1
Home & Kitchen,mobile_app,BG,RON,customer257@example.com,257,2026-09-02,ORD10386,17/02/2026 13:31,Stainless Steel Kettle,1,SKU-HK-001,completed,39.2,1
Sports,mobile_app,BG,RON,customer257@example.com,257,2026-09-02,ORD10386,17/02/2026 13:31,Yoga Mat Premium,1,SKU-SP-001,completed,29.87,1
Books,web,HU,RON,customer495@example.com,495,2026-09-03,ORD10387,2026-01-24T02:43:06,The Pragmatic Programmer,1,SKU-BK-002,completed,46.34,1
Electronics,web,HU,RON,customer495@example.com,495,2026-09-03,ORD10387,2026-01-24T02:43:06,USB-C Fast Charger 65W,2,SKU-EL-002,completed,33.5,1
Fashion,marketplace,RO,RON,customer777@example.com,777,2026-08-27,ORD10388,2026-02-04T07:35:07,Running Shoes Pro,1,SKU-FA-003,completed,81.78,1
Beauty,web,RO,EUR,customer86@example.com,86,2026-09-02,ORD10389,1779550574,Vitamin C Serum 30ml,1,SKU-BE-001,completed,23.32,1
Electronics,web,RO,EUR,customer86@example.com,86,2026-09-02,ORD10389,1779550574,USB-C Fast Charger 65W,1,SKU-EL-002,completed,32.65,1
Fashion,mobile_app,DE,EUR,customer1825@example.com,1825,2026-09-02,ORD10390,2026-06-05T03:34:21,Running Shoes Pro,3,SKU-FA-003,completed,91.18,1
Electronics,web,BG,EUR,customer886@example.com,886,2026-08-29,ORD10391,1768682933,Bluetooth Speaker Mini,2,SKU-EL-003,completed,46.28,1
Electronics,web,BG,EUR,customer1409@example.com,1409,2026-08-28,ORD10392,2026-06-29T13:33:14,USB-C Fast Charger 65W,3,SKU-EL-002,completed,35.38,1
Electronics,web,HU,EUR,customer384@example.com,384,2026-08-29,ORD10393,2026-02-24T21:00:35,Wireless Earbuds X2,1,SKU-EL-001,completed,80.91,1
Home & Kitchen,web,HU,EUR,customer384@example.com,384,2026-08-29,ORD10393,2026-02-24T21:00:35,Air Fryer 5L,1,SKU-HK-003,completed,111.39,1
Sports,web,RO,EUR,customer198@example.com,198,2026-08-23,ORD10394,1782004568,Adjustable Dumbbell Set,1,SKU-SP-002,completed,173.77,1
Electronics,web,RO,EUR,customer1002@example.com,1002,2026-08-30,ORD10395,2026-05-14T10:41:10,Wireless Earbuds X2,1,SKU-EL-001,completed,82.17,1
Sports,web,RO,EUR,customer1002@example.com,1002,2026-08-30,ORD10395,2026-05-14T10:41:10,Adjustable Dumbbell Set,1,SKU-SP-002,completed,168.81,1
Beauty,web,DE,EUR,customer1251@example.com,1251,2026-09-03,ORD10396,2026-04-28T11:19:24,Vitamin C Serum 30ml,3,SKU-BE-001,completed,26.32,1
Electronics,web,RO,EUR,customer1761@example.com,1761,2026-08-26,ORD10397,26/02/2026 08:22,Wireless Earbuds X2,2,SKU-EL-001,completed,75.95,1
Fashion,web,RO,EUR,customer1761@example.com,1761,2026-08-26,ORD10397,26/02/2026 08:22,Men's Slim Fit Jeans,1,SKU-FA-001,completed,49.72,1
Home & Kitchen,mobile_app,RO,EUR,customer152@example.com,152,2026-08-24,ORD10398,17/05/2026 14:29,Stainless Steel Kettle,1,SKU-HK-001,refunded,42.74,1
Fashion,marketplace,RO,EUR,customer619@example.com,619,2026-08-30,ORD10399,2026-02-09T08:29:42,Men's Slim Fit Jeans,3,SKU-FA-001,completed,55.67,1
Books,web,HU,EUR,customer764@example.com,764,2026-08-27,ORD10400,2026-05-19T18:10:41,The Pragmatic Programmer,1,SKU-BK-002,completed,41.8,1
Fashion,web,HU,EUR,customer764@example.com,764,2026-08-27,ORD10400,2026-05-19T18:10:41,Men's Slim Fit Jeans,1,SKU-FA-001,completed,55.69,1
Sports,web,RO,EUR,customer517@example.com,517,2026-08-23,ORD10401,2026-05-24T19:01:55,Adjustable Dumbbell Set,2,SKU-SP-002,completed,166.89,1
Home & Kitchen,web,RO,RON,customer990@example.com,990,2026-08-28,ORD10402,16/06/2026 17:36,Stainless Steel Kettle,2,SKU-HK-001,completed,39.16,1
Sports,marketplace,RO,EUR,customer1645@example.com,1645,2026-08-30,ORD10403,28/01/2026 03:49,Adjustable Dumbbell Set,3,SKU-SP-002,completed,182.7,1
,web,HU,EUR,customer1403@example.com,1403,2026-08-31,ORD10404,1777526807,Air Fryer 5L,3,SKU-HK-003,completed,129.16,1
Beauty,web,RO,EUR,customer138@example.com,138,2026-08-25,ORD10405,2026-01-02T02:06:33,Vitamin C Serum 30ml,1,SKU-BE-001,completed,25.46,1
Electronics,web,RO,EUR,customer138@example.com,138,2026-08-25,ORD10405,2026-01-02T02:06:33,USB-C Fast Charger 65W,3,SKU-EL-002,completed,33.99,1
Electronics,web,RO,EUR,customer138@example.com,138,2026-08-25,ORD10405,2026-01-02T02:06:33,Wireless Earbuds X2,1,SKUEL001,completed,73.64,1
Electronics,marketplace,BG,EUR,customer1748@example.com,1748,2026-08-27,ORD10406,1771876873,Wireless Earbuds X2,2,SKU-EL-001,completed,87.81,1
Home & Kitchen,web,RO,RON,customer1048@example.com,1048,2026-08-31,ORD10407,24/03/2026 14:32,Air Fryer 5L,1,SKU-HK-003,completed,113.71,1
Sports,web,RO,RON,customer1048@example.com,1048,2026-08-31,ORD10407,24/03/2026 14:32,Yoga Mat Premium,2,SKU-SP-001,completed,33.32,1
Home & Kitchen,web,BG,EUR,customer365@example.com,,2026-09-03,ORD10408,1773360812,Air Fryer 5L,1,SKU-HK-003,completed,111.36,1
Electronics,web,BG,EUR,customer520@example.com,520,2026-09-02,ORD10409,03/01/2026 12:33,USB-C Fast Charger 65W,3,SKU-EL-002,completed,35.91,1
Home & Kitchen,marketplace,DE,EUR,customer931@example.com,931,2026-08-23,ORD10410,02/04/2026 22:25,Stainless Steel Kettle,2,SKU-HK-001,completed,39.29,1
Beauty,marketplace,BG,EUR,customer1757@example.com,1757,2026-08-26,ORD10411,2026-06-15T13:17:29,Vitamin C Serum 30ml,2,SKU-BE-001,refunded,23.34,1
,marketplace,RO,RON,customer1368@example.com,1368,2026-08-28,ORD10412,2026-01-13T14:42:42,Atomic Habits (RO ed.),1,SKU-BK-001,completed,18.79,1
Electronics,marketplace,RO,RON,customer1368@example.com,1368,2026-08-28,ORD10412,2026-01-13T14:42:42,Wireless Earbuds X2,1,SKUEL001,completed,81.08,1
Fashion,web,BG,RON,customer1978@example.com,1978,2026-09-02,ORD10413,02/02/2026 21:09,Men's Slim Fit Jeans,1,SKU-FA-001,completed,56.99,1
Fashion,web,RO,RON,customer572@example.com,572,2026-09-02,ORD10414,2026-03-03T06:31:39,Running Shoes Pro,1,SKU-FA-003,completed,88.81,1
Electronics,marketplace,RO,EUR,customer1945@example.com,1945,2026-09-03,ORD10415,2026-03-16T21:24:08,4K Action Camera,1,SKU-EL-004,completed,193.96,1
Fashion,marketplace,RO,EUR,customer1945@example.com,1945,2026-09-03,ORD10415,2026-03-16T21:24:08,Running Shoes Pro,1,SKU-FA-003,completed,98.32,1
Electronics,web,RO,EUR,customer215@example.com,215,2026-08-24,ORD10416,1781810522,Bluetooth Speaker Mini,1,SKU-EL-003,completed,52.27,1
Electronics,web,RO,EUR,customer215@example.com,215,2026-08-24,ORD10416,1781810522,4K Action Camera,3,SKU-EL-004,completed,181.68,1
Electronics,mobile_app,RO,EUR,customer1563@example.com,1563,2026-08-27,ORD10417,2026-06-29T23:36:13,Wireless Earbuds X2,1,SKU-EL-001,completed,74.74,1
Fashion,mobile_app,RO,EUR,customer1563@example.com,1563,2026-08-27,ORD10417,2026-06-29T23:36:13,Running Shoes Pro,1,SKU-FA-O03,completed,95.09,1
Sports,mobile_app,RO,EUR,customer1563@example.com,1563,2026-08-27,ORD10417,2026-06-29T23:36:13,Yoga Mat Premium,1,SKU-SP-001,completed,29.86,1
Books,marketplace,BG,EUR,customer11@example.com,11,2026-09-02,ORD10418,2026-03-08T22:28:25,The Pragmatic Programmer,1,SKU-BK-002,completed,46.92,1
Books,mobile_app,HU,RON,customer1840@example.com,1840,2026-08-26,ORD10419,12/05/2026 00:33,The Pragmatic Programmer,1,SKU-BK-002,completed,48.14,1
Books,mobile_app,HU,RON,customer1840@example.com,1840,2026-08-25,ORD10419 ,12/05/2026 00:33,The Pragmatic Programmer,1,SKU-BK-002,completed,48.14,1
Sports,web,RO,EUR,customer1540@example.com,1540,2026-08-25,ORD10420,16/01/2026 00:06,Adjustable Dumbbell Set,1,SKU-SP-002,completed,170.94,1
Electronics,web,RO,EUR,customer368@example.com,368,2026-08-30,ORD10421,2026-05-13T11:56:01,4K Action Camera,1,SKU-EL-004,completed,185.39,1
Electronics,web,RO,EUR,customer368@example.com,368,2026-08-30,ORD10421,2026-05-13T11:56:01,4K Action Camera,1,SKU-EL-004,completed,185.39,2
Books,mobile_app,RO,RON,customer1373@example.com,1373,2026-09-02,ORD10422,2026-05-30T18:47:47,Atomic Habits (RO ed.),1,SKU-BK-001,completed,21.11,1
Home & Kitchen,marketplace,RO,EUR,customer1783@example.com,1783,2026-08-28,ORD10423,2026-01-30T04:51:18,Air Fryer 5L,1,SKU HK 003,completed,126.6,1
Books,marketplace,RO,EUR,customer1783@example.com,1783,2026-08-28,ORD10423,2026-01-30T04:51:18,Atomic Habits (RO ed.),1,SKU-BK-001,completed,19.12,1
Books,web,HU,EUR,customer75@example.com,75,2026-08-27,ORD10424,2026-03-18T22:29:37,The Pragmatic Programmer,1,SKU-BK-002,completed,42.02,1
Electronics,web,HU,EUR,customer939@example.com,939,2026-09-02,ORD10425,2026-03-05T10:00:45,4K Action Camera,1,SKU-EL-004,completed,207.15,1
Books,mobile_app,RO,EUR,customer1338@example.com,1338,2026-08-24,ORD10426,16/01/2026 09:29,The Pragmatic Programmer,1,SKU-BK-002,completed,45.51,1
Books,mobile_app,RO,EUR,customer1338@example.com,1338,2026-08-24,ORD10426,16/01/2026 09:29,The Pragmatic Programmer,1,SKU-BK-002,completed,45.51,2
Fashion,mobile_app,RO,EUR,customer1338@example.com,1338,2026-08-24,ORD10426,16/01/2026 09:29,Running Shoes Pro,1,SKU-FA-003,completed,96.27,1
Beauty,web,RO,RON,customer266@example.com,266,2026-08-25,ORD10427,2026-03-31T19:07:56,Vitamin C Serum 30ml,1,SKU-BE-001,completed,25.55,1
Home & Kitchen,mobile_app,RO,EUR,customer1143@example.com,1143,2026-08-26,ORD10428,2026-03-08T03:17:32,Air Fryer 5L,1,SKU-HK-003,completed,111.15,1
Books,web,RO,RON,customer1532@example.com,1532,2026-08-28,ORD10429,2026-03-13T16:33:24,The Pragmatic Programmer,3,SKU-BK-002,completed,44.44,1
Fashion,web,RO,RON,customer1532@example.com,1532,2026-08-28,ORD10429,2026-03-13T16:33:24,Running Shoes Pro,1,SKU-FA-O03,completed,97.97,1
Home & Kitchen,web,RO,RON,customer1532@example.com,1532,2026-08-28,ORD10429,2026-03-13T16:33:24,Non-stick Frying Pan 28cm,1,SKU-HK-002,completed,28.02,1
Books,marketplace,HU,EUR,customer1407@example.com,1407,2026-08-28,ORD10430,28/05/2026 22:01,The Pragmatic Programmer,1,SKU-BK-002,completed,48.39,1
Fashion,marketplace,HU,EUR,customer1407@example.com,1407,2026-08-28,ORD10430,28/05/2026 22:01,Men's Slim Fit Jeans,1,SKU-FA-001,completed,59.48,1
Sports,marketplace,HU,EUR,customer1407@example.com,1407,2026-08-28,ORD10430,28/05/2026 22:01,Yoga Mat Premium,1,SKU-SP-001,completed,34.09,1
Books,mobile_app,HU,RON,customer187@example.com,187,2026-08-31,ORD10431,05/01/2026 09:52,The Pragmatic Programmer,2,SKU-BK-002,completed,47.6,1
Fashion,mobile_app,HU,RON,customer187@example.com,187,2026-08-31,ORD10431,05/01/2026 09:52,Men's Slim Fit Jeans,1,SKU-FA-001,completed,57.02,1
Home & Kitchen,mobile_app,HU,RON,customer187@example.com,187,2026-08-31,ORD10431,05/01/2026 09:52,Non-stick Frying Pan 28cm,2,SKU-HK-002,completed,27.01,1
Electronics,web,BG,EUR,customer963@example.com,963,2026-09-02,ORD10432,14/01/2026 15:55,Wireless Earbuds X2,1,SKU-EL-001,completed,83.61,1
Fashion,web,BG,EUR,customer963@example.com,963,2026-09-02,ORD10432,14/01/2026 15:55,Men's Slim Fit Jeans,1,SKU-FA-001,completed,50.86,1
Electronics,web,RO,EUR,customer696@example.com,696,2026-08-31,ORD10433,17/02/2026 04:46,Bluetooth Speaker Mini,1,SKU-EL-003,completed,51.05,1
Beauty,marketplace,RO,EUR,customer564@example.com,564,2026-08-26,ORD10434,2026-05-28T20:01:16,Hair Dryer Ionic 2200W,2,SKU-BE-002,refunded,62.49,1
Fashion,mobile_app,RO,RON,customer1650@example.com,1650,2026-09-02,ORD10435,29/01/2026 10:51,Running Shoes Pro,1,SKU-FA-003,completed,96.24,1
Home & Kitchen,mobile_app,RO,RON,customer1650@example.com,1650,2026-09-02,ORD10435,29/01/2026 10:51,Air Fryer 5L,1,SKU-HK-003,completed,121,1
Beauty,web,RO,EUR,customer30@example.com,30,2026-08-24,ORD10436,2026-01-13T13:46:08,Vitamin C Serum 30ml,2,SKU-BE-001,completed,24.31,1
Electronics,web,RO,EUR,customer30@example.com,30,2026-08-24,ORD10436,2026-01-13T13:46:08,4K Action Camera,1,SKU-EL-004,completed,188.95,1
Beauty,marketplace,HU,EUR,customer1102@example.com,1102,2026-08-26,ORD10437,2026-06-04T22:33:59,Hair Dryer Ionic 2200W,2,SKU-BE-002,completed,70.43,1
Home & Kitchen,marketplace,HU,EUR,customer1102@example.com,1102,2026-08-26,ORD10437,2026-06-04T22:33:59,Non-stick Frying Pan 28cm,3,SKU-HK-002,completed,30.54,1
Books,web,RO,EUR,customer202@example.com,202,2026-08-27,ORD10438,2026-06-01T17:38:47,The Pragmatic Programmer,1,SKU-BK-002,completed,44.37,1
Fashion,marketplace,DE,RON,customer1593@example.com,,2026-08-26,ORD10439,25/04/2026 08:38,Running Shoes Pro,1,SKU-FA-003,completed,89.96,1
Sports,marketplace,DE,RON,customer1593@example.com,1593,2026-08-26,ORD10439,25/04/2026 08:38,Adjustable Dumbbell Set,1,SKU-SP-002,completed,179.59,1
Home & Kitchen,web,DE,EUR,customer367@example.com,367,2026-08-26,ORD10440,25/03/2026 21:20,Non-stick Frying Pan 28cm,1,SKU-HK-002,completed,26.27,1
Home & Kitchen,web,DE,RON,customer431@example.com,431,2026-08-24,ORD10441,2026-01-31T00:28:38,Non-stick Frying Pan 28cm,1,SKU-HK-002,completed,26.55,1
Beauty,web,RO,EUR,customer967@example.com,967,2026-08-31,ORD10442,2026-06-12T00:46:03,Vitamin C Serum 30ml,1,SKU-BE-001,completed,24.46,1
Fashion,web,RO,EUR,customer967@example.com,967,2026-08-31,ORD10442,2026-06-12T00:46:03,Men's Slim Fit Jeans,2,SKU-FA-001,completed,49.71,1
Home & Kitchen,web,RO,EUR,customer967@example.com,967,2026-08-31,ORD10442,2026-06-12T00:46:03,Stainless Steel Kettle,1,SKU-HK-001,completed,42.5,1
Books,web,DE,EUR,customer983@example.com,983,2026-08-28,ORD10443,2026-04-26T03:18:06,The Pragmatic Programmer,3,SKU-BK-002,completed,44.76,1
Electronics,web,DE,EUR,customer983@example.com,983,2026-08-28,ORD10443,2026-04-26T03:18:06,4K Action Camera,2,SKU-EL-004,completed,172.9,1
Home & Kitchen,web,DE,EUR,customer983@example.com,983,2026-08-28,ORD10443,2026-04-26T03:18:06,Stainless Steel Kettle,1,SKU-HK-001,completed,40.55,1
Books,web,DE,EUR,customer1784@example.com,1784,2026-08-23,ORD10444,19/05/2026 03:22,The Pragmatic Programmer,1,SKU-BK-002,completed,43.09,1
Books,web,DE,EUR,customer1784@example.com,1784,2026-08-23,ORD10444,19/05/2026 03:22,The Pragmatic Programmer,1,SKU-BK-002,completed,43.09,2
Home & Kitchen,web,DE,EUR,customer1784@example.com,1784,2026-08-23,ORD10444,19/05/2026 03:22,Non-stick Frying Pan 28cm,1,SKU-HK-002,completed,28.28,1
Beauty,marketplace,RO,EUR,customer66@example.com,66,2026-08-26,ORD10445,19/06/2026 12:51,Hair Dryer Ionic 2200W,3,SKU-BE-002,completed,68.27,1
Electronics,marketplace,RO,EUR,customer66@example.com,66,2026-08-26,ORD10445,19/06/2026 12:51,USB-C Fast Charger 65W,1,SKU-EL-002,completed,35.52,1
Electronics,marketplace,RO,EUR,customer66@example.com,66,2026-08-26,ORD10445,19/06/2026 12:51,Bluetooth Speaker Mini,1,SKU-EL-003,completed,53.65,1
Fashion,web,RO,EUR,customer14@example.com,14,2026-08-30,ORD10446,2026-03-17T17:17:13,Men's Slim Fit Jeans,1,SKU-FA-001,completed,53.09,1
Fashion,web,RO,EUR,customer14@example.com,14,2026-08-30,ORD10446,2026-03-17T17:17:13,Running Shoes Pro,1,SKU-FA-003,completed,94.81,1
Books,web,RO,EUR,customer671@example.com,671,2026-08-26,ORD10447,14/02/2026 16:21,Atomic Habits (RO ed.),2,SKU-BK-001,completed,18.82,1
Fashion,web,RO,EUR,customer671@example.com,671,2026-08-26,ORD10447,14/02/2026 16:21,Men's Slim Fit Jeans,3,SKU-FA-001,completed,58,1
Beauty,web,DE,EUR,customer1038@example.com,1038,2026-09-02,ORD10448,2026-05-21T16:30:00,Hair Dryer Ionic 2200W,1,SKU-BE-002,completed,61.23,1
Beauty,web,DE,EUR,customer1038@example.com,1038,2026-09-02,ORD10448,2026-05-21T16:30:00,Hair Dryer Ionic 2200W,1,SKU-BE-002,completed,61.23,2
Books,web,DE,EUR,customer1038@example.com,1038,2026-09-02,ORD10448,2026-05-21T16:30:00,The Pragmatic Programmer,1,SKU-BK-002,completed,48.06,1
Home & Kitchen,web,DE,EUR,customer1038@example.com,1038,2026-09-02,ORD10448,2026-05-21T16:30:00,Non-stick Frying Pan 28cm,2,SKU-HK-002,completed,29.36,1
Electronics,marketplace,RO,EUR,customer1736@example.com,1736,2026-08-27,ORD10449,2026-04-20T15:07:48,USB-C Fast Charger 65W,1,SKU-EL-002,completed,36.59,1
Home & Kitchen,web,RO,RON,customer1977@example.com,1977,2026-09-03,ORD10450,07/06/2026 04:09,Non-stick Frying Pan 28cm,1,SKU-HK-002,completed,26.81,1
Home & Kitchen,mobile_app,RO,EUR,customer964@example.com,964,2026-08-24,ORD10451,2026-06-19T07:56:45,Non-stick Frying Pan 28cm,1,SKU-HK-002,completed,25.74,1
Fashion,web,RO,EUR,customer1100@example.com,1100,2026-09-03,ORD10452,16/06/2026 09:30,Women's Wool Coat,1,SKU-FA-002,completed,149.53,1
Sports,web,BG,RON,customer450@example.com,450,2026-08-24,ORD10453,1780738766,Yoga Mat Premium,1,SKU-SP-001,completed,32.74,1
Electronics,web,RO,EUR,customer1059@example.com,1059,2026-08-27,ORD10454,2026-06-21T13:47:40,USB-C Fast Charger 65W,2,SKU-EL-002,completed,36.57,1
Sports,web,RO,EUR,customer813@example.com,813,2026-08-27,ORD10455,2026-04-22T02:07:02,Yoga Mat Premium,1,SKU-SP-001,completed,30.17,1
Beauty,mobile_app,DE,EUR,customer1828@example.com,1828,2026-08-31,ORD10456,08/03/2026 05:05,Vitamin C Serum 30ml,2,SKU-BE-001,completed,23.8,1
Electronics,web,RO,EUR,customer247@example.com,247,2026-08-30,ORD10457,2026-02-27T10:07:28,Bluetooth Speaker Mini,3,SKU-EL-003,completed,53.62,1
Beauty,web,HU,EUR,customer407@example.com,407,2026-08-31,ORD10458,2026-03-10T17:27:49,Hair Dryer Ionic 2200W,1,SKU-BE-002,completed,70.81,1
Fashion,web,HU,EUR,customer407@example.com,407,2026-08-31,ORD10458,2026-03-10T17:27:49,Women's Wool Coat,2,SKU-FA-002,completed,134.91,1
Electronics,mobile_app,RO,EUR,customer1846@example.com,1846,2026-08-27,ORD10459,1774293239,Wireless Earbuds X2,1,SKU-EL-001,completed,83.32,1
Fashion,web,RO,EUR,customer329@example.com,329,2026-08-26,ORD10460,1780764616,Running Shoes Pro,1,SKU-FA-O03,completed,88.88,1
Sports,web,RO,EUR,customer329@example.com,329,2026-08-26,ORD10460,1780764616,Yoga Mat Premium,1,SKU-SP-001,completed,34.14,1
Beauty,marketplace,RO,EUR,customer1353@example.com,1353,2026-08-29,ORD10461,2026-06-09T15:55:04,Vitamin C Serum 30ml,2,SKU-BE-001,completed,27.24,1
Beauty,marketplace,RO,EUR,customer1773@example.com,1773,2026-09-03,ORD10462,2026-05-28T06:40:39,Hair Dryer Ionic 2200W,2,SKU-BE-002,completed,67.14,1
Electronics,marketplace,RO,EUR,customer1773@example.com,1773,2026-09-03,ORD10462,2026-05-28T06:40:39,4K Action Camera,1,SKU-EL-004,completed,179.61,1
Books,web,RO,EUR,customer498@example.com,498,2026-09-01,ORD10463,2026-02-12T23:44:36,The Pragmatic Programmer,1,SKU-BK-002,completed,46.97,1
Sports,web,RO,EUR,customer1954@example.com,1954,2026-09-02,ORD10464,2026-01-19T10:19:45,Adjustable Dumbbell Set,2,SKU-SP-002,completed,182.64,1
Beauty,web,RO,RON,customer1650@example.com,1650,2026-08-31,ORD10465,2026-06-01T00:01:19,Vitamin C Serum 30ml,1,SKU-BE-001,completed,24.55,1
Electronics,web,RO,RON,customer1650@example.com,1650,2026-08-31,ORD10465,2026-06-01T00:01:19,USB-C Fast Charger 65W,1,SKU-EL-002,completed,36.46,1
Beauty,web,DE,RON,customer1328@example.com,1328,2026-08-27,ORD10466,19/03/2026 22:17,Hair Dryer Ionic 2200W,1,SKU-BE-002,completed,68.12,1
Books,web,DE,EUR,customer1019@example.com,1019,2026-08-30,ORD10467,2026-05-27T21:50:45,Atomic Habits (RO ed.),1,SKU-BK-001,completed,18.63,1
Books,web,DE,EUR,customer1019@example.com,1019,2026-08-30,ORD10467,2026-05-27T21:50:45,The Pragmatic Programmer,1,SKU-BK-002,completed,41.17,1
Books,web,RO,EUR,customer299@example.com,299,2026-08-24,ORD10468,2026-04-14T11:09:26,The Pragmatic Programmer,3,SKU-BK-002,completed,41.76,1
Fashion,web,RO,EUR,customer299@example.com,299,2026-08-24,ORD10468,2026-04-14T11:09:26,Running Shoes Pro,1,SKU-FA-003,completed,82.39,1
Sports,marketplace,RO,EUR,customer1717@example.com,1717,2026-08-26,ORD10469,2026-04-19T00:39:00,Yoga Mat Premium,1,SKU-SP-001,completed,34.49,1
Fashion,web,RO,RON,customer1844@example.com,1844,2026-09-01,ORD10470,2026-02-15T13:48:30,Men's Slim Fit Jeans,1,SKU-FA-001,completed,50.56,1
Fashion,web,RO,RON,customer1844@example.com,1844,2026-09-01,ORD10470,2026-02-15T13:48:30,Women's Wool Coat,1,SKU-FA-002,completed,132.38,1
Sports,web,RO,RON,customer1844@example.com,1844,2026-09-01,ORD10470,2026-02-15T13:48:30,Yoga Mat Premium,1,SKU-SP-001,completed,33.29,1
Beauty,web,HU,EUR,customer131@example.com,131,2026-08-24,ORD10471,1768323043,Hair Dryer Ionic 2200W,2,SKU-BE-002,completed,65.1,1
Electronics,web,HU,EUR,customer131@example.com,131,2026-08-24,ORD10471,1768323043,Wireless Earbuds X2,1,SKU-EL-001,completed,78.88,1
Home & Kitchen,web,HU,EUR,customer1546@example.com,1546,2026-08-23,ORD10472,24/01/2026 05:45,Non-stick Frying Pan 28cm,2,SKU-HK-002,completed,27.07,1
Home & Kitchen,mobile_app,DE,EUR,customer183@example.com,183,2026-08-26,ORD10473,2026-03-20T08:42:14,Stainless Steel Kettle,2,SKU-HK-001,completed,39.34,1
Electronics,mobile_app,DE,EUR,customer720@example.com,720,2026-08-31,ORD10474,2026-05-03T22:01:40,Wireless Earbuds X2,1,SKU-EL-001,completed,77.98,1
Electronics,mobile_app,DE,EUR,customer720@example.com,720,2026-08-31,ORD10474,2026-05-03T22:01:40,USB-C Fast Charger 65W,-1,SKU-EL-002,completed,31.71,1
Fashion,mobile_app,DE,EUR,customer720@example.com,720,2026-08-31,ORD10474,2026-05-03T22:01:40,Women's Wool Coat,1,SKU-FA-002,completed,132.51,1
Home & Kitchen,web,RO,EUR,customer1916@example.com,1916,2026-08-23,ORD10475,1780540795,Non-stick Frying Pan 28cm,3,SKU-HK-002,completed,28.49,1
Books,web,RO,EUR,customer918@example.com,918,2026-08-31,ORD10476,2026-05-10T20:23:29,The Pragmatic Programmer,1,SKU-BK-002,completed,42.75,1
Electronics,web,RO,EUR,customer918@example.com,918,2026-08-31,ORD10476,2026-05-10T20:23:29,4K Action Camera,1,SKU-EL-004,completed,195.18,1
Sports,web,RO,EUR,customer918@example.com,918,2026-08-31,ORD10476,2026-05-10T20:23:29,Yoga Mat Premium,1,SKU-SP-001,completed,31.67,1
Electronics,web,DE,RON,customer1150@example.com,1150,2026-09-01,ORD10477,2026-03-17T11:58:46,USB-C Fast Charger 65W,1,SKU-EL-002,completed,31.67,1
Sports,marketplace,RO,EUR,customer1980@example.com,1980,2026-08-25,ORD10478,2026-02-06T13:15:26,Adjustable Dumbbell Set,2,SKU-SP-002,completed,175.84,1
Sports,web,HU,RON,customer1460@example.com,1460,2026-08-26,ORD10479,2026-05-19T15:38:32,Yoga Mat Premium,1,SKU-SP-001,completed,33.21,1
Fashion,web,RO,EUR,customer1693@example.com,1693,2026-08-25,ORD10480,28/06/2026 04:14,Women's Wool Coat,2,SKU-FA-002,completed,142.76,1
Books,web,DE,EUR,customer1414@example.com,1414,2026-09-01,ORD10481,2026-06-09T22:02:38,The Pragmatic Programmer,1,SKU-BK-002,completed,39.69,1
Fashion,marketplace,RO,EUR,customer326@example.com,326,2026-08-29,ORD10482,2026-04-05T20:44:47,Women's Wool Coat,1,SKU-FA-002,completed,143.14,1
Home & Kitchen,marketplace,RO,EUR,customer326@example.com,326,2026-08-29,ORD10482,2026-04-05T20:44:47,Stainless Steel Kettle,1,SKU-HK-001,completed,42.15,1
Sports,marketplace,RO,EUR,customer326@example.com,326,2026-08-29,ORD10482,2026-04-05T20:44:47,Yoga Mat Premium,1,SKU-SP-001,completed,34.28,1
Home & Kitchen,web,RO,EUR,customer1574@example.com,1574,2026-09-03,ORD10483,2026-03-03T17:37:14,Non-stick Frying Pan 28cm,1,SKU-HK-002,completed,26.79,1
Electronics,web,DE,EUR,customer1348@example.com,1348,2026-08-31,ORD10484,1767650225,Bluetooth Speaker Mini,1,SKU-EL-003,completed,52.93,1
Home & Kitchen,web,DE,EUR,customer1348@example.com,1348,2026-08-31,ORD10484,1767650225,Non-stick Frying Pan 28cm,1,SKU-HK-002,completed,27.46,1
Home & Kitchen,web,BG,EUR,customer1561@example.com,1561,2026-08-28,ORD10485,2026-04-20T10:44:49,Stainless Steel Kettle,2,SKU-HK-001,completed,41.62,1
Sports,web,BG,EUR,customer1561@example.com,1561,2026-08-28,ORD10485,2026-04-20T10:44:49,Yoga Mat Premium,1,SKU-SP-001,completed,31.28,1
Fashion,web,RO,EUR,customer329@example.com,329,2026-08-30,ORD10486,2026-01-05T01:34:26,Men's Slim Fit Jeans,3,SKU-FA-001,refunded,50.88,1
Home & Kitchen,mobile_app,RO,EUR,customer1951@example.com,1951,2026-09-01,ORD10487,2026-03-12T14:18:49,Air Fryer 5L,2,SKU-HK-003,completed,120.63,1
Sports,marketplace,BG,EUR,customer629@example.com,629,2026-09-02,ORD10488,2026-01-28T10:39:08,Adjustable Dumbbell Set,1,SKU-SP-002,completed,165.1,1
Home & Kitchen,marketplace,DE,EUR,customer791@example.com,791,2026-08-25,ORD10489,2026-02-03T11:09:58,Air Fryer 5L,1,SKU-HK-003,completed,114.63,1
Beauty,web,RO,EUR,customer73@example.com,73,2026-08-29,ORD10490,2026-06-02T19:30:35,Vitamin C Serum 30ml,1,SKU-BE-001,completed,27.15,1
Sports,web,RO,EUR,customer73@example.com,73,2026-08-29,ORD10490,2026-06-02T19:30:35,Adjustable Dumbbell Set,3,SKU-SP-002,completed,173.13,1
Fashion,marketplace,HU,EUR,customer243@example.com,243,2026-09-03,ORD10491,2026-05-01T01:26:06,Women's Wool Coat,1,SKU-FA-002,completed,156.71,1
Electronics,web,RO,RON,customer777@example.com,777,2026-08-31,ORD10492,2026-05-29T23:07:21,Wireless Earbuds X2,3,SKU-EL-001,completed,87.13,1
Electronics,web,BG,EUR,customer307@example.com,307,2026-08-23,ORD10493,1780495833,Bluetooth Speaker Mini,1,SKU-EL-003,completed,53.74,1
Home & Kitchen,web,RO,EUR,customer1066@example.com,1066,2026-08-30,ORD10494,2026-01-05T13:15:30,Air Fryer 5L,1,SKU HK 003,completed,119.3,1
Fashion,web,RO,EUR,customer1066@example.com,1066,2026-08-30,ORD10494,2026-01-05T13:15:30,Men's Slim Fit Jeans,1,SKU-FA-001,completed,55.81,1
Fashion,web,RO,EUR,customer1066@example.com,1066,2026-08-30,ORD10494,2026-01-05T13:15:30,Women's Wool Coat,1,SKU-FA-002,completed,138.41,1
Books,web,DE,RON,customer171@example.com,171,2026-08-28,ORD10495,28/06/2026 09:48,Atomic Habits (RO ed.),1,SKU-BK-001,completed,18.48,1
Home & Kitchen,web,DE,RON,customer171@example.com,171,2026-08-28,ORD10495,28/06/2026 09:48,Stainless Steel Kettle,1,SKU-HK-001,completed,38.43,1
Home & Kitchen,web,DE,RON,customer171@example.com,171,2026-08-28,ORD10495,28/06/2026 09:48,Stainless Steel Kettle,1,SKU-HK-001,completed,38.43,2
Sports,web,DE,RON,customer171@example.com,171,2026-08-28,ORD10495,28/06/2026 09:48,Yoga Mat Premium,2,SKU-SP-001,completed,34.37,1
Books,web,DE,RON,customer171@example.com,171,2026-08-29,ORD10495 ,28/06/2026 09:48,Atomic Habits (RO ed.),1,SKU-BK-001,completed,18.48,1
Home & Kitchen,web,BG,EUR,customer478@example.com,478,2026-08-30,ORD10496,2026-05-20T05:21:54,Air Fryer 5L,2,SKU-HK-003,completed,118.89,1
Electronics,marketplace,RO,EUR,customer1996@example.com,1996,2026-08-30,ORD10497,1769639720,Bluetooth Speaker Mini,1,SKU-EL-003,completed,52.42,1
Fashion,web,HU,EUR,customer447@example.com,447,2026-09-02,ORD10498,2026-06-10T02:18:07,Women's Wool Coat,1,SKU-FA-002,refunded,135.18,1
Beauty,web,RO,EUR,customer1381@example.com,1381,2026-08-30,ORD10499,2026-05-20T01:18:47,Hair Dryer Ionic 2200W,1,SKU-BE-002,completed,67.32,1
Books,web,RO,EUR,customer1381@example.com,1381,2026-08-30,ORD10499,2026-05-20T01:18:47,The Pragmatic Programmer,2,SKU-BK-002,completed,42.36,1
Home & Kitchen,mobile_app,RO,EUR,customer1892@example.com,1892,2026-08-25,ORD10500,2026-03-20T07:14:32,Air Fryer 5L,3,SKU-HK-003,completed,110.69,1
Sports,mobile_app,RO,EUR,customer1892@example.com,1892,2026-08-25,ORD10500,2026-03-20T07:14:32,Yoga Mat Premium,3,SKU-SP-001,completed,34.39,1
Books,web,RO,EUR,customer1700@example.com,1700,2026-08-24,ORD10501,2026-04-17T16:03:25,The Pragmatic Programmer,1,SKU-BK-002,completed,41.5,1
Electronics,web,RO,EUR,customer1700@example.com,1700,2026-08-24,ORD10501,2026-04-17T16:03:25,Bluetooth Speaker Mini,1,SKU-EL-003,completed,49.29,1
Sports,web,RO,EUR,customer1700@example.com,1700,2026-08-24,ORD10501,2026-04-17T16:03:25,Adjustable Dumbbell Set,1,SKU-SP-002,completed,180.8,1
Books,web,DE,EUR,customer758@example.com,758,2026-08-24,ORD10502,1770739688,The Pragmatic Programmer,2,SKU-BK-002,completed,44.48,1
Beauty,web,RO,EUR,customer469@example.com,469,2026-08-28,ORD10503,2026-04-29T07:56:59,Vitamin C Serum 30ml,2,SKU-BE-001,completed,24.41,1
Fashion,web,RO,EUR,customer469@example.com,469,2026-08-28,ORD10503,2026-04-29T07:56:59,Women's Wool Coat,1,SKU-FA-002,completed,141.8,1
Books,marketplace,RO,EUR,customer7@example.com,7,2026-08-27,ORD10504,10/06/2026 04:01,The Pragmatic Programmer,3,SKU-BK-002,completed,44.92,1
Home & Kitchen,web,RO,EUR,customer1507@example.com,1507,2026-09-03,ORD10505,12/04/2026 15:41,Stainless Steel Kettle,1,SKU-HK-001,completed,42.79,1
Electronics,web,RO,EUR,customer1507@example.com,1507,2026-09-03,ORD10505,12/04/2026 15:41,Wireless Earbuds X2,1,SKUEL001,completed,74.3,1
Sports,web,HU,RON,customer264@example.com,264,2026-08-25,ORD10506,2026-01-04T07:01:18,Yoga Mat Premium,1,SKU-SP-001,completed,32.82,1
Home & Kitchen,web,RO,RON,customer1165@example.com,1165,2026-08-28,ORD10507,2026-04-10T08:44:01,Stainless Steel Kettle,1,SKU-HK-001,completed,39.17,1
Home & Kitchen,mobile_app,BG,EUR,customer821@example.com,821,2026-08-25,ORD10508,2026-04-12T21:10:58,Air Fryer 5L,1,SKU-HK-003,completed,109.84,1
Sports,web,DE,EUR,customer87@example.com,87,2026-09-02,ORD10509,2026-05-28T06:59:43,Yoga Mat Premium,-2,SKU-SP-001,completed,33.09,1
Beauty,web,RO,EUR,customer1208@example.com,1208,2026-08-23,ORD10510,2026-02-14T13:34:31,Hair Dryer Ionic 2200W,1,SKU-BE-002,completed,69.28,1
Sports,web,RO,EUR,customer796@example.com,796,2026-08-29,ORD10511,09/02/2026 03:27,Yoga Mat Premium,1,SKU-SP-001,completed,30.63,1
Home & Kitchen,marketplace,BG,EUR,customer1648@example.com,1648,2026-09-01,ORD10512,2026-06-19T18:13:38,Air Fryer 5L,2,SKU-HK-003,completed,126.57,1
Fashion,mobile_app,BG,EUR,customer444@example.com,444,2026-08-24,ORD10513,2026-06-17T01:33:32,Running Shoes Pro,1,SKU-FA-O03,completed,81.47,1
Sports,mobile_app,BG,EUR,customer444@example.com,444,2026-08-24,ORD10513,2026-06-17T01:33:32,Yoga Mat Premium,2,SKU-SP-001,completed,34.69,1
Fashion,web,RO,EUR,customer754@example.com,754,2026-08-29,ORD10514,1770426448,Running Shoes Pro,2,SKU-FA-003,completed,97.07,1
Books,mobile_app,RO,RON,customer1397@example.com,1397,2026-08-26,ORD10515,1781994424,The Pragmatic Programmer,1,SKU-BK-002,refunded,45.57,1
Fashion,mobile_app,RO,RON,customer1397@example.com,1397,2026-08-26,ORD10515,1781994424,Men's Slim Fit Jeans,2,SKU-FA-001,refunded,55.88,1
Beauty,web,BG,EUR,customer91@example.com,91,2026-08-26,ORD10516,1780136222,Vitamin C Serum 30ml,1,SKU-BE-001,completed,23.65,1
Electronics,web,BG,EUR,customer91@example.com,91,2026-08-26,ORD10516,1780136222,Wireless Earbuds X2,1,SKU-EL-001,completed,999999,1
Fashion,web,RO,EUR,customer1349@example.com,1349,2026-08-23,ORD10517,2026-05-22T00:19:50,Running Shoes Pro,1,SKU-FA-003,completed,85.46,1
Home & Kitchen,web,RO,EUR,customer1349@example.com,1349,2026-08-23,ORD10517,2026-05-22T00:19:50,Non-stick Frying Pan 28cm,1,SKU-HK-002,completed,31.26,1
Home & Kitchen,web,RO,EUR,customer1349@example.com,1349,2026-08-23,ORD10517,2026-05-22T00:19:50,Air Fryer 5L,3,SKU-HK-003,completed,130.49,1
Electronics,web,HU,EUR,customer1689@example.com,1689,2026-08-25,ORD10518,16/01/2026 20:57,Wireless Earbuds X2,3,SKU-EL-001,completed,82.62,1
Home & Kitchen,web,HU,EUR,customer1689@example.com,1689,2026-08-25,ORD10518,16/01/2026 20:57,Stainless Steel Kettle,1,SKU-HK-001,completed,43.32,1
Books,web,DE,EUR,customer319@example.com,319,2026-09-02,ORD10519,23/06/2026 20:05,The Pragmatic Programmer,3,SKU-BK-002,completed,45.72,1
Electronics,web,DE,EUR,customer319@example.com,319,2026-09-02,ORD10519,23/06/2026 20:05,Bluetooth Speaker Mini,1,SKU-EL-003,completed,47,1
Books,web,RO,EUR,customer1355@example.com,1355,2026-08-24,ORD10520,2026-05-16T12:04:11,The Pragmatic Programmer,1,SKU-BK-002,completed,44.82,1
Books,marketplace,HU,EUR,customer1542@example.com,1542,2026-09-01,ORD10521,2026-01-20T00:44:41,The Pragmatic Programmer,3,SKU-BK-002,completed,42.94,1
Beauty,web,RO,EUR,customer1293@example.com,1293,2026-08-31,ORD10522,2026-03-30T06:59:28,Vitamin C Serum 30ml,2,SKU-BE-001,completed,26.76,1
Fashion,web,RO,EUR,customer1293@example.com,1293,2026-08-31,ORD10522,2026-03-30T06:59:28,Women's Wool Coat,1,SKU-FA-002,completed,144.74,1
Home & Kitchen,web,RO,EUR,customer1293@example.com,1293,2026-08-31,ORD10522,2026-03-30T06:59:28,Stainless Steel Kettle,1,SKU-HK-001,completed,42.02,1
Home & Kitchen,web,RO,EUR,customer1715@example.com,1715,2026-08-31,ORD10523,2026-04-04T14:57:50,Non-stick Frying Pan 28cm,2,SKU-HK-002,completed,25.9,1
Sports,marketplace,HU,EUR,customer1868@example.com,1868,2026-08-25,ORD10524,2026-02-01T22:18:52,Adjustable Dumbbell Set,1,SKU-SP-002,refunded,175.88,1
Home & Kitchen,web,RO,EUR,customer865@example.com,865,2026-08-26,ORD10525,2026-01-17T22:34:53,Stainless Steel Kettle,1,SKU-HK-001,completed,39.16,1
Beauty,marketplace,RO,RON,customer1618@example.com,1618,2026-09-03,ORD10526,2026-04-24T00:52:41,Hair Dryer Ionic 2200W,1,SKU-BE-002,completed,70.47,1
Home & Kitchen,marketplace,RO,RON,customer1618@example.com,1618,2026-09-03,ORD10526,2026-04-24T00:52:41,Stainless Steel Kettle,2,SKU-HK-001,completed,37.89,1
Home & Kitchen,marketplace,RO,RON,customer1618@example.com,1618,2026-09-03,ORD10526,2026-04-24T00:52:41,Stainless Steel Kettle,2,SKU-HK-001,completed,37.89,2
Electronics,web,BG,EUR,customer1298@example.com,1298,2026-08-29,ORD10527,16/06/2026 17:47,Bluetooth Speaker Mini,1,SKU-EL-003,completed,53.78,1
Fashion,web,BG,EUR,customer1298@example.com,1298,2026-08-29,ORD10527,16/06/2026 17:47,Men's Slim Fit Jeans,1,SKU-FA-001,completed,54.25,1
Home & Kitchen,marketplace,DE,EUR,customer1776@example.com,1776,2026-08-24,ORD10528,2026-06-26T05:17:36,Non-stick Frying Pan 28cm,1,SKU-HK-002,completed,28.62,1
Beauty,web,RO,EUR,customer1583@example.com,1583,2026-08-23,ORD10529,2026-03-13T18:05:35,Vitamin C Serum 30ml,2,SKU-BE-001,completed,25.52,1
Home & Kitchen,web,RO,EUR,customer1583@example.com,1583,2026-08-23,ORD10529,2026-03-13T18:05:35,Stainless Steel Kettle,1,SKU-HK-001,completed,43.53,1
Beauty,web,DE,EUR,customer1263@example.com,1263,2026-08-24,ORD10530,18/02/2026 20:30,Vitamin C Serum 30ml,3,SKU-BE-001,completed,27.03,1
Books,web,DE,EUR,customer1263@example.com,1263,2026-08-24,ORD10530,18/02/2026 20:30,Atomic Habits (RO ed.),1,SKU-BK-001,completed,20.63,1
Fashion,marketplace,HU,EUR,customer1112@example.com,1112,2026-08-31,ORD10531,09/02/2026 16:52,Running Shoes Pro,1,SKU-FA-003,completed,84.61,1
Sports,marketplace,RO,EUR,customer1164@example.com,1164,2026-08-23,ORD10532,2026-03-08T07:02:12,Yoga Mat Premium,1,SKU-SP-001,completed,30.01,1
Beauty,mobile_app,HU,EUR,customer408@example.com,408,2026-08-23,ORD10533,25/03/2026 01:15,Vitamin C Serum 30ml,1,SKU-BE-001,completed,23.4,1
Electronics,web,RO,EUR,customer1606@example.com,1606,2026-09-02,ORD10534,25/05/2026 06:44,Wireless Earbuds X2,1,SKU-EL-001,completed,87.62,1
Home & Kitchen,web,RO,EUR,customer485@example.com,485,2026-08-23,ORD10535,2026-04-18T12:28:36,Air Fryer 5L,1,SKU-HK-003,completed,107.52,1
Fashion,web,RO,EUR,customer496@example.com,496,2026-08-28,ORD10536,1770004620,Running Shoes Pro,1,SKU-FA-003,completed,96.39,1
Beauty,web,RO,EUR,customer1743@example.com,1743,2026-08-24,ORD10537,2026-03-15T19:41:10,Vitamin C Serum 30ml,1,SKU-BE-001,completed,25.03,1
Home & Kitchen,web,RO,EUR,customer1743@example.com,1743,2026-08-24,ORD10537,2026-03-15T19:41:10,Non-stick Frying Pan 28cm,1,SKU-HK-002,completed,27.95,1
Beauty,web,RO,RON,customer1968@example.com,1968,2026-08-31,ORD10538,2026-04-20T09:12:38,Hair Dryer Ionic 2200W,1,SKU-BE-002,completed,58.77,1
Home & Kitchen,marketplace,BG,EUR,customer533@example.com,533,2026-08-25,ORD10539,2026-02-02T17:27:39,Air Fryer 5L,2,SKU-HK-003,completed,130.4,1
Sports,mobile_app,RO,RON,customer1909@example.com,1909,2026-08-29,ORD10540,2026-01-29T22:31:37,Adjustable Dumbbell Set,1,SKU-SP-002,completed,175.72,1
Electronics,web,RO,EUR,customer361@example.com,361,2026-08-28,ORD10541,1775115058,Bluetooth Speaker Mini,1,SKU-EL-003,refunded,45.09,1
Electronics,web,RO,EUR,customer313@example.com,313,2026-08-24,ORD10542,2026-02-06T06:34:56,Wireless Earbuds X2,1,SKU-EL-001,completed,86.31,1
Electronics,web,RO,EUR,customer948@example.com,948,2026-09-03,ORD10543,04/02/2026 00:14,Bluetooth Speaker Mini,3,SKU-EL-003,completed,45.43,1
Home & Kitchen,marketplace,HU,EUR,customer956@example.com,956,2026-08-31,ORD10544,2026-04-11T21:46:23,Air Fryer 5L,1,SKU HK 003,completed,125.16,1
Books,marketplace,HU,EUR,customer956@example.com,956,2026-08-31,ORD10544,2026-04-11T21:46:23,The Pragmatic Programmer,1,SKU-BK-002,completed,42.24,1
Fashion,marketplace,HU,EUR,customer956@example.com,956,2026-08-31,ORD10544,2026-04-11T21:46:23,Women's Wool Coat,1,SKU-FA-002,completed,155.38,1
Home & Kitchen,web,RO,EUR,customer1460@example.com,1460,2026-08-28,ORD10545,2026-06-21T08:12:17,Stainless Steel Kettle,2,SKU-HK-001,completed,45.55,1
Electronics,mobile_app,RO,RON,customer727@example.com,727,2026-08-29,ORD10546,2026-04-18T02:40:25,Wireless Earbuds X2,2,SKU-EL-001,completed,79.35,1
Home & Kitchen,mobile_app,RO,RON,customer727@example.com,727,2026-08-29,ORD10546,2026-04-18T02:40:25,Non-stick Frying Pan 28cm,3,SKU-HK-002,completed,26.48,1
Home & Kitchen,marketplace,HU,EUR,customer75@example.com,75,2026-09-03,ORD10547,17/04/2026 09:49,Non-stick Frying Pan 28cm,1,SKU-HK-002,completed,27.38,1
Sports,marketplace,HU,EUR,customer75@example.com,75,2026-09-03,ORD10547,17/04/2026 09:49,Yoga Mat Premium,1,SKU-SP-001,completed,31.62,1
Books,web,RO,EUR,customer523@example.com,523,2026-08-27,ORD10548,2026-02-10T21:32:29,The Pragmatic Programmer,1,SKU-BK-002,completed,47.65,1
Electronics,web,RO,EUR,customer523@example.com,523,2026-08-27,ORD10548,2026-02-10T21:32:29,USB-C Fast Charger 65W,1,SKU-EL-002,completed,35.76,1
Sports,web,RO,EUR,customer523@example.com,523,2026-08-27,ORD10548,2026-02-10T21:32:29,Yoga Mat Premium,1,SKU-SP-001,completed,31.8,1
Fashion,mobile_app,RO,EUR,customer990@example.com,990,2026-08-30,ORD10549,2026-04-09T19:20:35,Women's Wool Coat,1,SKU-FA-002,completed,134.79,1
Books,marketplace,RO,EUR,customer1036@example.com,1036,2026-08-29,ORD10550,2026-05-25T04:24:38,The Pragmatic Programmer,3,SKU-BK-002,completed,45.43,1
Books,mobile_app,RO,EUR,customer684@example.com,684,2026-08-27,ORD10551,2026-01-23T22:58:29,Atomic Habits (RO ed.),1,SKU-BK-001,completed,19.16,1
Books,mobile_app,RO,EUR,customer684@example.com,684,2026-08-27,ORD10551,2026-01-23T22:58:29,The Pragmatic Programmer,1,SKU-BK-002,completed,44.36,1
Home & Kitchen,mobile_app,RO,EUR,customer684@example.com,684,2026-08-27,ORD10551,2026-01-23T22:58:29,Air Fryer 5L,2,SKU-HK-003,completed,113.92,1
Home & Kitchen,web,RO,EUR,customer635@example.com,635,2026-09-03,ORD10552,1767878942,Air Fryer 5L,2,SKU-HK-003,completed,128.45,1
Electronics,marketplace,RO,EUR,customer947@example.com,947,2026-08-30,ORD10553,2026-02-20T11:36:17,Wireless Earbuds X2,3,SKU-EL-001,completed,84.7,1
Fashion,marketplace,RO,EUR,customer947@example.com,947,2026-08-30,ORD10553,2026-02-20T11:36:17,Running Shoes Pro,1,SKU-FA-003,completed,87,1
Fashion,web,RO,EUR,customer303@example.com,303,2026-08-25,ORD10554,2026-03-29T04:07:11,Men's Slim Fit Jeans,2,SKU-FA-001,completed,54.29,1
Home & Kitchen,web,RO,RON,customer970@example.com,970,2026-08-26,ORD10555,2026-03-12T17:20:18,Air Fryer 5L,1,SKU HK 003,completed,114.59,1
Fashion,web,RO,RON,customer970@example.com,970,2026-08-26,ORD10555,2026-03-12T17:20:18,Women's Wool Coat,1,SKU-FA-002,completed,144.93,1
,marketplace,HU,EUR,customer686@example.com,686,2026-09-03,ORD10556,2026-06-21T16:45:35,Air Fryer 5L,2,SKU-HK-003,completed,117.05,1
Home & Kitchen,marketplace,RO,EUR,internal.tester1027@aqurate.ai,1027,2026-08-30,ORD10557,2026-01-29T16:49:30,Air Fryer 5L,1,SKU-HK-003,test,129.71,1
Books,web,RO,EUR,customer682@example.com,682,2026-08-25,ORD10558,25/04/2026 10:25,Atomic Habits (RO ed.),3,SKU-BK-001,completed,20.42,1
Books,web,RO,RON,customer470@example.com,470,2026-09-03,ORD10559,2026-04-23T12:57:45,Atomic Habits (RO ed.),1,SKU-BK-001,completed,19.71,1
Electronics,web,RO,RON,customer470@example.com,470,2026-09-03,ORD10559,2026-04-23T12:57:45,4K Action Camera,3,SKU-EL-004,completed,200.14,1
Home & Kitchen,mobile_app,HU,RON,customer589@example.com,589,2026-08-27,ORD10560,2026-06-16T01:40:43,Air Fryer 5L,1,SKU HK 003,completed,109,1
Electronics,mobile_app,HU,RON,customer589@example.com,589,2026-08-27,ORD10560,2026-06-16T01:40:43,Wireless Earbuds X2,1,SKU-EL-001,completed,86.48,1
Electronics,web,RO,EUR,customer319@example.com,319,2026-08-23,ORD10561,1781537073,Bluetooth Speaker Mini,1,SKU-EL-003,completed,51.83,1
Fashion,web,RO,EUR,customer319@example.com,319,2026-08-23,ORD10561,1781537073,Women's Wool Coat,1,SKU-FA-002,completed,143.59,1
Fashion,web,RO,EUR,customer1986@example.com,1986,2026-08-31,ORD10562,1768675557,Men's Slim Fit Jeans,1,SKU-FA-001,completed,56.51,1
Home & Kitchen,web,RO,EUR,customer1986@example.com,1986,2026-08-31,ORD10562,1768675557,Air Fryer 5L,3,SKU-HK-003,completed,125.12,1
Home & Kitchen,web,RO,RON,customer1013@example.com,1013,2026-08-25,ORD10563,2026-03-30T21:45:01,Air Fryer 5L,1,SKU-HK-003,completed,115.56,1
Beauty,web,HU,EUR,customer1727@example.com,1727,2026-08-27,ORD10564,2026-04-12T01:46:18,Vitamin C Serum 30ml,1,SKU-BE-001,completed,26.54,1
Electronics,mobile_app,RO,EUR,customer1924@example.com,1924,2026-08-25,ORD10565,27/01/2026 14:05,Bluetooth Speaker Mini,3,SKU-EL-003,completed,47.67,1
Beauty,web,RO,EUR,customer282@example.com,282,2026-08-24,ORD10566,2026-04-28T01:44:51,Vitamin C Serum 30ml,1,SKU-BE-001,completed,23.55,1
Electronics,web,RO,EUR,customer282@example.com,282,2026-08-24,ORD10566,2026-04-28T01:44:51,USB-C Fast Charger 65W,1,SKU-EL-002,completed,37.39,1
Home & Kitchen,web,RO,EUR,customer282@example.com,282,2026-08-24,ORD10566,2026-04-28T01:44:51,Non-stick Frying Pan 28cm,2,SKU-HK-002,completed,28.78,1
Electronics,web,RO,EUR,customer219@example.com,219,2026-09-01,ORD10567,2026-01-09T06:10:48,USB-C Fast Charger 65W,2,SKU-EL-002,completed,36.72,1
Fashion,web,RO,EUR,customer219@example.com,219,2026-09-01,ORD10567,2026-01-09T06:10:48,Men's Slim Fit Jeans,1,SKU-FA-001,completed,51.54,1
Fashion,mobile_app,RO,EUR,customer1725@example.com,1725,2026-08-29,ORD10568,2026-04-17T07:49:55,Running Shoes Pro,1,SKU-FA-003,completed,88.18,1
Home & Kitchen,web,BG,RON,customer1020@example.com,1020,2026-09-01,ORD10569,2026-01-23T06:07:28,Non-stick Frying Pan 28cm,2,SKU-HK-002,completed,28.96,1
Electronics,web,HU,EUR,customer809@example.com,809,2026-09-01,ORD10570,2026-02-12T08:35:09,4K Action Camera,2,SKU-EL-004,refunded,170.62,1
Electronics,web,RO,EUR,customer666@example.com,666,2026-09-03,ORD10571,15/03/2026 12:59,4K Action Camera,1,SKU-EL-004,completed,199.64,1
Home & Kitchen,web,RO,EUR,customer666@example.com,666,2026-09-03,ORD10571,15/03/2026 12:59,Stainless Steel Kettle,1,SKU-HK-001,completed,45.11,1
Home & Kitchen,web,RO,EUR,customer666@example.com,666,2026-09-03,ORD10571,15/03/2026 12:59,Air Fryer 5L,1,SKU-HK-003,completed,125.4,1
Fashion,mobile_app,RO,RON,customer1720@example.com,1720,2026-08-25,ORD10572,2026-03-17T20:18:15,Men's Slim Fit Jeans,1,SKU-FA-001,completed,53.73,1
Electronics,web,BG,RON,customer203@example.com,203,2026-08-30,ORD10573,2026-05-08T19:52:17,4K Action Camera,1,SKU-EL-004,completed,180.79,1
Fashion,web,RO,EUR,customer375@example.com,375,2026-08-31,ORD10574,2026-04-13T14:11:09,Running Shoes Pro,1,SKU-FA-003,completed,96.05,1
Sports,web,RO,EUR,customer375@example.com,375,2026-08-31,ORD10574,2026-04-13T14:11:09,Adjustable Dumbbell Set,1,SKU-SP-002,completed,174.34,1
Electronics,web,RO,RON,customer966@example.com,966,2026-08-28,ORD10575,2026-04-14T09:33:52,USB-C Fast Charger 65W,1,SKU-EL-002,completed,36.01,1
Electronics,web,RO,RON,customer966@example.com,966,2026-08-28,ORD10575,2026-04-14T09:33:52,Bluetooth Speaker Mini,1,SKU-EL-003,completed,45.44,1
Electronics,web,RO,EUR,customer575@example.com,575,2026-09-01,ORD10576,2026-06-22T18:46:33,USB-C Fast Charger 65W,1,SKU-EL-002,completed,31.09,1
Electronics,web,RO,EUR,customer575@example.com,575,2026-09-01,ORD10576,2026-06-22T18:46:33,4K Action Camera,2,SKU-EL-004,completed,200,1
Home & Kitchen,web,RO,EUR,customer1895@example.com,1895,2026-08-25,ORD10577,2026-01-01T00:25:58,Non-stick Frying Pan 28cm,1,SKU-HK-002,completed,26.21,1
Electronics,mobile_app,RO,EUR,customer402@example.com,402,2026-09-01,ORD10578,2026-02-08T09:05:27,Wireless Earbuds X2,-3,SKU-EL-001,completed,79.57,1
Home & Kitchen,mobile_app,RO,EUR,customer402@example.com,402,2026-09-01,ORD10578,2026-02-08T09:05:27,Stainless Steel Kettle,1,SKU-HK-001,completed,45.46,1
Beauty,web,RO,EUR,customer315@example.com,315,2026-08-27,ORD10579,2026-03-26T09:28:07,Vitamin C Serum 30ml,2,SKU-BE-001,completed,23.28,1
Books,web,RO,EUR,customer572@example.com,572,2026-09-02,ORD10580,2026-04-28T17:28:32,Atomic Habits (RO ed.),3,SKU-BK-001,completed,21.49,1
Fashion,web,RO,EUR,customer982@example.com,982,2026-08-23,ORD10581,2026-05-07T03:36:46,Men's Slim Fit Jeans,2,SKU-FA-001,completed,52.15,1
Home & Kitchen,web,RO,EUR,customer192@example.com,192,2026-08-27,ORD10582,2026-03-06T11:35:08,Air Fryer 5L,1,SKU-HK-003,completed,125.9,1
Electronics,web,RO,RON,customer944@example.com,944,2026-08-30,ORD10583,1771861333,Wireless Earbuds X2,2,SKUEL001,refunded,83.04,1
Electronics,marketplace,BG,EUR,customer1409@example.com,1409,2026-09-02,ORD10584,2026-06-06T09:18:41,Wireless Earbuds X2,2,SKU-EL-001,completed,87.8,1
Electronics,web,RO,EUR,customer303@example.com,303,2026-09-03,ORD10585,2026-04-22T22:08:55,Bluetooth Speaker Mini,1,SKU-EL-003,completed,46.66,1
Home & Kitchen,web,RO,EUR,customer303@example.com,303,2026-09-03,ORD10585,2026-04-22T22:08:55,Stainless Steel Kettle,2,SKU-HK-001,completed,40.23,1
Electronics,web,HU,EUR,customer1154@example.com,1154,2026-09-03,ORD10586,2026-03-22T04:35:27,USB-C Fast Charger 65W,1,SKU-EL-002,completed,36.72,1
Electronics,marketplace,RO,RON,customer841@example.com,841,2026-08-28,ORD10587,2026-04-30T06:25:13,Bluetooth Speaker Mini,1,SKU-EL-003,completed,50.23,1
Home & Kitchen,marketplace,RO,RON,customer841@example.com,841,2026-08-28,ORD10587,2026-04-30T06:25:13,Non-stick Frying Pan 28cm,1,SKU-HK-002,completed,27.18,1
Books,web,RO,RON,customer775@example.com,775,2026-08-24,ORD10588,2026-02-06T10:40:15,The Pragmatic Programmer,1,SKU-BK-002,completed,43.29,1
Electronics,web,RO,RON,customer775@example.com,775,2026-08-24,ORD10588,2026-02-06T10:40:15,Bluetooth Speaker Mini,1,SKU-EL-003,completed,50.17,1
Beauty,web,BG,EUR,customer169@example.com,169,2026-08-25,ORD10589,08/01/2026 22:02,Hair Dryer Ionic 2200W,2,SKU-BE-002,completed,69.76,1
Fashion,web,RO,EUR,customer1965@example.com,1965,2026-08-24,ORD10590,2026-05-22T14:32:02,Women's Wool Coat,1,SKU-FA-002,completed,147.2,1
Sports,web,RO,EUR,customer1965@example.com,1965,2026-08-24,ORD10590,2026-05-22T14:32:02,Adjustable Dumbbell Set,1,SKU-SP-002,completed,163.75,1
Beauty,web,RO,EUR,customer77@example.com,77,2026-08-26,ORD10591,2026-05-05T02:20:04,Hair Dryer Ionic 2200W,1,SKU-BE-002,completed,65.34,1
Fashion,web,HU,EUR,customer1457@example.com,1457,2026-08-29,ORD10592,2026-04-13T04:19:22,Men's Slim Fit Jeans,1,SKU-FA-001,refunded,56.44,1
Beauty,marketplace,DE,EUR,customer1751@example.com,1751,2026-08-25,ORD10593,1768514771,Vitamin C Serum 30ml,3,SKU-BE-001,completed,22.97,1
Beauty,marketplace,DE,EUR,customer1751@example.com,1751,2026-08-25,ORD10593,1768514771,Vitamin C Serum 30ml,3,SKU-BE-001,completed,22.97,2
Sports,web,RO,RON,internal.tester428@aqurate.ai,,2026-09-03,ORD10594,2026-06-07T10:04:34,Adjustable Dumbbell Set,3,SKU-SP-002,test,161.69,1
Home & Kitchen,web,RO,RON,internal.tester428@aqurate.ai,428,2026-09-03,ORD10594,2026-06-07T10:04:34,Stainless Steel Kettle,1,SKU-HK-001,test,45.56,1
Fashion,web,HU,RON,customer1623@example.com,1623,2026-09-02,ORD10595,2026-06-22T00:31:06,Running Shoes Pro,1,SKU-FA-O03,completed,86.16,1
Beauty,web,RO,EUR,customer323@example.com,323,2026-08-27,ORD10596,28/04/2026 18:48,Vitamin C Serum 30ml,1,SKU-BE-001,completed,27.16,1
Electronics,web,RO,EUR,customer323@example.com,323,2026-08-27,ORD10596,28/04/2026 18:48,USB-C Fast Charger 65W,-1,SKU-EL-002,completed,36.43,1
Home & Kitchen,web,RO,EUR,customer323@example.com,323,2026-08-27,ORD10596,28/04/2026 18:48,Air Fryer 5L,1,SKU-HK-003,completed,125.62,1
Beauty,web,RO,EUR,customer1812@example.com,1812,2026-08-29,ORD10597,1780952253,Vitamin C Serum 30ml,1,SKU-BE-001,completed,27.25,1
Beauty,web,RO,EUR,customer1812@example.com,1812,2026-08-29,ORD10597,1780952253,Hair Dryer Ionic 2200W,1,SKU-BE-002,completed,66.64,1
Home & Kitchen,marketplace,RO,EUR,customer1536@example.com,1536,2026-08-23,ORD10598,2026-01-23T11:48:00,Stainless Steel Kettle,1,SKU-HK-001,completed,42.62,1
Home & Kitchen,marketplace,RO,EUR,customer1536@example.com,1536,2026-08-23,ORD10598,2026-01-23T11:48:00,Non-stick Frying Pan 28cm,1,SKU-HK-002,completed,27.76,1
Home & Kitchen,marketplace,RO,EUR,customer1536@example.com,1536,2026-08-23,ORD10598,2026-01-23T11:48:00,Air Fryer 5L,1,SKU-HK-003,completed,127.64,1
Fashion,marketplace,HU,EUR,customer1174@example.com,1174,2026-09-03,ORD10599,2026-05-02T13:11:47,Running Shoes Pro,1,SKU-FA-003,completed,91.78,1
Sports,marketplace,HU,EUR,customer1174@example.com,1174,2026-09-03,ORD10599,2026-05-02T13:11:47,Adjustable Dumbbell Set,1,SKU-SP-002,completed,170.94,1
Fashion,web,RO,EUR,customer1268@example.com,1268,2026-08-28,ORD10600,2026-06-16T09:08:19,Men's Slim Fit Jeans,2,SKU-FA-001,completed,58.04,1
Home & Kitchen,web,RO,EUR,customer1268@example.com,1268,2026-08-28,ORD10600,2026-06-16T09:08:19,Stainless Steel Kettle,1,SKU-HK-001,completed,43.18,1
Home & Kitchen,marketplace,RO,EUR,customer1484@example.com,,2026-08-24,ORD10601,2026-04-28T19:34:18,Stainless Steel Kettle,-1,SKU-HK-001,completed,42.51,1
Fashion,web,RO,EUR,customer292@example.com,292,2026-08-28,ORD10602,20/04/2026 22:59,Running Shoes Pro,1,SKU-FA-003,completed,97.52,1
Home & Kitchen,web,RO,EUR,customer292@example.com,292,2026-08-28,ORD10602,20/04/2026 22:59,Stainless Steel Kettle,2,SKU-HK-001,completed,42.37,1
Home & Kitchen,web,RO,EUR,customer292@example.com,292,2026-08-28,ORD10602,20/04/2026 22:59,Air Fryer 5L,3,SKU-HK-003,completed,112.26,1
Fashion,web,RO,RON,customer557@example.com,557,2026-08-31,ORD10603,1767906118,Running Shoes Pro,2,SKU-FA-O03,completed,86.93,1
Sports,web,RO,RON,customer557@example.com,557,2026-08-31,ORD10603,1767906118,Adjustable Dumbbell Set,1,SKU-SP-002,completed,188.48,1
Home & Kitchen,mobile_app,RO,EUR,customer1243@example.com,1243,2026-08-31,ORD10604,2026-05-24T06:04:21,Air Fryer 5L,2,SKU-HK-003,completed,129.7,1
Sports,mobile_app,RO,EUR,customer1227@example.com,1227,2026-08-28,ORD10605,2026-02-01T12:25:48,Adjustable Dumbbell Set,1,SKU-SP-002,completed,178.37,1
Sports,marketplace,RO,EUR,customer1891@example.com,1891,2026-08-29,ORD10606,2026-02-01T06:10:58,Yoga Mat Premium,3,SKU-SP-001,completed,33.12,1
Books,mobile_app,RO,EUR,customer733@example.com,733,2026-09-01,ORD10607,2026-02-03T06:04:32,Atomic Habits (RO ed.),1,SKU-BK-001,completed,21.97,1
Electronics,mobile_app,RO,EUR,customer733@example.com,733,2026-09-01,ORD10607,2026-02-03T06:04:32,Wireless Earbuds X2,2,SKU-EL-001,completed,87.66,1
Sports,web,DE,RON,customer1117@example.com,1117,2026-08-27,ORD10608,2026-02-21T09:07:09,Yoga Mat Premium,1,SKU-SP-001,completed,29.08,1
Home & Kitchen,mobile_app,BG,EUR,customer816@example.com,816,2026-08-31,ORD10609,1769042280,Non-stick Frying Pan 28cm,3,SKU-HK-002,completed,26.08,1
Books,marketplace,RO,EUR,customer397@example.com,397,2026-08-25,ORD10610,2026-03-23T12:43:31,Atomic Habits (RO ed.),1,SKU-BK-001,completed,19.69,1
Sports,mobile_app,BG,EUR,customer653@example.com,653,2026-08-23,ORD10611,2026-03-07T17:23:25,Adjustable Dumbbell Set,1,SKU-SP-002,refunded,189.95,1
Electronics,web,RO,EUR,customer1062@example.com,1062,2026-08-23,ORD10612,1769684203,USB-C Fast Charger 65W,2,SKU-EL-002,completed,34.77,1
Home & Kitchen,web,RO,EUR,customer1062@example.com,1062,2026-08-23,ORD10612,1769684203,Stainless Steel Kettle,1,SKU-HK-001,completed,39.24,1
Electronics,marketplace,RO,EUR,customer357@example.com,357,2026-08-31,ORD10613,2026-04-21T19:16:25,USB-C Fast Charger 65W,1,SKU-EL-002,completed,34.74,1
Beauty,web,HU,EUR,customer260@example.com,260,2026-08-24,ORD10614,1767859579,Hair Dryer Ionic 2200W,1,SKU-BE-002,completed,66.91,1
Sports,web,HU,EUR,customer260@example.com,260,2026-08-24,ORD10614,1767859579,Adjustable Dumbbell Set,1,SKU-SP-002,completed,181.7,1
Home & Kitchen,marketplace,RO,EUR,customer904@example.com,904,2026-09-01,ORD10615,2026-06-29T08:31:04,Non-stick Frying Pan 28cm,1,SKU-HK-002,completed,29.16,1
Home & Kitchen,marketplace,HU,EUR,customer1090@example.com,1090,2026-08-28,ORD10616,2026-04-16T05:47:41,Stainless Steel Kettle,2,SKU-HK-001,completed,38.89,1
Beauty,web,RO,EUR,customer817@example.com,817,2026-09-01,ORD10617,13/05/2026 11:55,Vitamin C Serum 30ml,1,SKU-BE-001,completed,26.38,1
Electronics,web,RO,EUR,customer817@example.com,817,2026-09-01,ORD10617,13/05/2026 11:55,Wireless Earbuds X2,2,SKU-EL-001,completed,77.76,1
Fashion,web,BG,EUR,customer723@example.com,723,2026-08-27,ORD10618,2026-04-29T17:16:18,Women's Wool Coat,1,SKU-FA-002,completed,155.62,1
Sports,web,BG,EUR,customer723@example.com,723,2026-08-27,ORD10618,2026-04-29T17:16:18,Yoga Mat Premium,1,SKU-SP-001,completed,33.16,1
Beauty,marketplace,RO,EUR,customer344@example.com,344,2026-08-29,ORD10619,2026-02-03T08:54:45,Hair Dryer Ionic 2200W,2,SKU-BE-002,completed,70.71,1
Electronics,marketplace,RO,EUR,customer344@example.com,344,2026-08-29,ORD10619,2026-02-03T08:54:45,USB-C Fast Charger 65W,-3,SKU-EL-002,completed,34.9,1
Electronics,marketplace,RO,EUR,customer344@example.com,344,2026-08-29,ORD10619,2026-02-03T08:54:45,4K Action Camera,1,SKU-EL-004,completed,174.64,1
Beauty,marketplace,RO,RON,customer97@example.com,97,2026-08-31,ORD10620,11/06/2026 18:10,Hair Dryer Ionic 2200W,1,SKU-BE-002,completed,62.5,1
Beauty,marketplace,RO,EUR,customer1815@example.com,1815,2026-08-24,ORD10621,2026-03-23T10:56:08,Vitamin C Serum 30ml,1,SKU-BE-001,completed,27.29,1
Books,marketplace,HU,RON,customer73@example.com,73,2026-08-25,ORD10622,2026-02-04T10:23:35,The Pragmatic Programmer,1,SKU-BK-002,completed,46.05,1
Fashion,marketplace,HU,RON,customer73@example.com,73,2026-08-25,ORD10622,2026-02-04T10:23:35,Women's Wool Coat,1,SKU-FA-002,completed,135.22,1
Home & Kitchen,mobile_app,HU,EUR,customer1583@example.com,1583,2026-08-23,ORD10623,22/03/2026 16:25,Non-stick Frying Pan 28cm,1,SKU-HK-002,completed,29.67,1
Electronics,marketplace,RO,RON,customer745@example.com,745,2026-08-29,ORD10624,03/03/2026 14:51,USB-C Fast Charger 65W,1,SKU-EL-002,completed,35.52,1
Electronics,marketplace,RO,RON,customer745@example.com,745,2026-08-29,ORD10624,03/03/2026 14:51,4K Action Camera,2,SKU-EL-004,completed,186.28,1
Sports,web,RO,EUR,customer1779@example.com,1779,2026-08-24,ORD10625,2026-02-10T10:57:11,Adjustable Dumbbell Set,1,SKU-SP-002,refunded,163.88,1
Books,web,RO,EUR,customer1468@example.com,1468,2026-08-30,ORD10626,1775607236,Atomic Habits (RO ed.),2,SKU-BK-001,completed,19.16,1
Home & Kitchen,web,BG,EUR,customer590@example.com,,2026-08-31,ORD10627,2026-01-14T12:19:40,Stainless Steel Kettle,1,SKU-HK-001,completed,38.33,1
Books,web,RO,EUR,customer17@example.com,17,2026-08-31,ORD10628,2026-04-11T21:28:03,Atomic Habits (RO ed.),1,SKU-BK-001,completed,18.65,1
Home & Kitchen,web,RO,EUR,customer17@example.com,17,2026-08-31,ORD10628,2026-04-11T21:28:03,Non-stick Frying Pan 28cm,1,SKU-HK-002,completed,29.91,1
Electronics,mobile_app,RO,EUR,customer1267@example.com,1267,2026-09-03,ORD10629,08/06/2026 13:56,4K Action Camera,1,SKU-EL-004,completed,190.87,1
Beauty,marketplace,RO,EUR,customer1613@example.com,1613,2026-08-26,ORD10630,1770870784,Vitamin C Serum 30ml,1,SKU-BE-001,completed,25.37,1
Electronics,marketplace,RO,EUR,customer1613@example.com,1613,2026-08-26,ORD10630,1770870784,Bluetooth Speaker Mini,1,SKU-EL-003,completed,49.83,1
Electronics,web,RO,EUR,customer501@example.com,501,2026-08-27,ORD10631,1781581846,USB-C Fast Charger 65W,1,SKU-EL-002,completed,32.8,1
